site,length,key,sqr_km,NAME_1,NAME_2,WC_avail,WC_acces,Shape_Length,Shape_Area,key_2,OBJECTID,key_23,ZONE_CODE,COUNT,AREA,SUM
B1,40,B1_40,1,Kâmpóng Cham,Batheay,no,0,0.05738793,7.9669E-05,B1_40_0.0,10,B1_40_0.0,10,27027,0.002085417,153003.5032
B1,40,B1_40,2,Kâmpóng Cham,Batheay,no,0,0.055391788,0.00014263,B1_40_0.0,10,B1_40_0.0,10,27027,0.002085417,153003.5032
M8,40,M8_40,2,Kâmpóng Cham,Batheay,no,0,0.055391788,0.00014263,M8_40_0.0,38,M8_40_0.0,38,24641,0.001901312,138937.0729
M6,20,M6_20,5,Kâmpóng Cham,Kampong Cham,,75,0.096418564,0.000395674,M6_20_0.0,29,M6_20_0.0,29,8811,0.000679861,69757.80344
M6,10,M6_10,5,Kâmpóng Cham,Kampong Cham,,75,0.096418564,0.000395674,M6_10_0.0,52,M6_10_0.0,52,6575,0.00050733,54540.64058
M6,5,M6_5,5,Kâmpóng Cham,Kampong Cham,,75,0.096418564,0.000395674,M6_5_0.0,85,M6_5_0.0,88,5999,0.000462886,51662.27761
M6,40,M6_40,5,Kâmpóng Cham,Kampong Cham,,75,0.096418564,0.000395674,M6_40_0.0,9,M6_40_0.0,9,14529,0.001121065,112092.1765
M6,20,M6_20,8,Kâmpóng Cham,Kampong Cham,,75,0.116020747,0.000636144,M6_20_0.0,29,M6_20_0.0,29,8811,0.000679861,69757.80344
M6,10,M6_10,8,Kâmpóng Cham,Kampong Cham,,75,0.116020747,0.000636144,M6_10_0.0,52,M6_10_0.0,52,6575,0.00050733,54540.64058
M6,5,M6_5,8,Kâmpóng Cham,Kampong Cham,,75,0.116020747,0.000636144,M6_5_0.0,85,M6_5_0.0,88,5999,0.000462886,51662.27761
M6,2,M6_2,8,Kâmpóng Cham,Kampong Cham,,75,0.116020747,0.000636144,M6_2_0.0,112,M6_2_0.0,115,2423,0.00018696,27460.41496
M6,40,M6_40,8,Kâmpóng Cham,Kampong Cham,,75,0.116020747,0.000636144,M6_40_0.0,9,M6_40_0.0,9,14529,0.001121065,112092.1765
M6,40,M6_40,10,Kâmpóng Cham,Kampong Siem,no,0,0.124052814,0.000819693,M6_40_0.0,9,M6_40_0.0,9,14529,0.001121065,112092.1765
M6,20,M6_20,39,Kâmpóng Cham,Kampong Siem,no,0,0.254258158,0.003202956,M6_20_0.0,29,M6_20_0.0,29,8811,0.000679861,69757.80344
M6,40,M6_40,39,Kâmpóng Cham,Kampong Siem,no,0,0.254258158,0.003202956,M6_40_0.0,9,M6_40_0.0,9,14529,0.001121065,112092.1765
M6,20,M6_20,21,Kâmpóng Cham,Kampong Siem,no,0,0.184840332,0.001717424,M6_20_0.0,29,M6_20_0.0,29,8811,0.000679861,69757.80344
M6,10,M6_10,21,Kâmpóng Cham,Kampong Siem,no,0,0.184840332,0.001717424,M6_10_0.0,52,M6_10_0.0,52,6575,0.00050733,54540.64058
M6,40,M6_40,21,Kâmpóng Cham,Kampong Siem,no,0,0.184840332,0.001717424,M6_40_0.0,9,M6_40_0.0,9,14529,0.001121065,112092.1765
M6,20,M6_20,11,Kâmpóng Cham,Kampong Siem,no,0,0.154507171,0.000911298,M6_20_0.0,29,M6_20_0.0,29,8811,0.000679861,69757.80344
M6,10,M6_10,11,Kâmpóng Cham,Kampong Siem,no,0,0.154507171,0.000911298,M6_10_0.0,52,M6_10_0.0,52,6575,0.00050733,54540.64058
M6,5,M6_5,11,Kâmpóng Cham,Kampong Siem,no,0,0.154507171,0.000911298,M6_5_0.0,85,M6_5_0.0,88,5999,0.000462886,51662.27761
M6,40,M6_40,11,Kâmpóng Cham,Kampong Siem,no,0,0.154507171,0.000911298,M6_40_0.0,9,M6_40_0.0,9,14529,0.001121065,112092.1765
M6,20,M6_20,1,Kâmpóng Cham,Kampong Siem,no,0,0.054808615,7.57459E-05,M6_20_0.0,29,M6_20_0.0,29,8811,0.000679861,69757.80344
M6,10,M6_10,1,Kâmpóng Cham,Kampong Siem,no,0,0.054808615,7.57459E-05,M6_10_0.0,52,M6_10_0.0,52,6575,0.00050733,54540.64058
M6,5,M6_5,1,Kâmpóng Cham,Kampong Siem,no,0,0.054808615,7.57459E-05,M6_5_0.0,85,M6_5_0.0,88,5999,0.000462886,51662.27761
M6,2,M6_2,1,Kâmpóng Cham,Kampong Siem,no,0,0.054808615,7.57459E-05,M6_2_0.0,112,M6_2_0.0,115,2423,0.00018696,27460.41496
M6,40,M6_40,1,Kâmpóng Cham,Kampong Siem,no,0,0.054808615,7.57459E-05,M6_40_0.0,9,M6_40_0.0,9,14529,0.001121065,112092.1765
M7,40,M7_40,16,Kâmpóng Cham,Kang Meas, ,0.07,0.147983024,0.001303832,M7_40_0.07,35,M7_40_0.07,35,1053,0.00008125,7479.923608
B1,40,B1_40,16,Kâmpóng Cham,Kang Meas, ,0.07,0.147983024,0.001303832,B1_40_0.07,36,B1_40_0.07,36,1053,0.00008125,7479.923608
M7,40,M7_40,1,Kâmpóng Cham,Srei Santhor,no,0,0.03484053,4.5765E-05,M7_40_0.0,37,M7_40_0.0,37,24904,0.001921605,141714.3301
B1,40,B1_40,1,Kâmpóng Cham,Srei Santhor,no,0,0.03484053,4.5765E-05,B1_40_0.0,10,B1_40_0.0,10,27027,0.002085417,153003.5032
M7,40,M7_40,2,Kâmpóng Cham,Srei Santhor,no,0,0.087497118,0.0001825,M7_40_0.0,37,M7_40_0.0,37,24904,0.001921605,141714.3301
B1,40,B1_40,2,Kâmpóng Cham,Srei Santhor,no,0,0.087497118,0.0001825,B1_40_0.0,10,B1_40_0.0,10,27027,0.002085417,153003.5032
M8,40,M8_40,2,Kâmpóng Cham,Srei Santhor,no,0,0.087497118,0.0001825,M8_40_0.0,38,M8_40_0.0,38,24641,0.001901312,138937.0729
M6,40,M6_40,97,Kâmpóng Cham,Stueng Trang,no,0,0.524889621,0.008074116,M6_40_0.0,9,M6_40_0.0,9,14529,0.001121065,112092.1765
B1,40,B1_40,2,Kâmpóng Chhnang,Kampong Tralach, ,33,0.063175264,0.000172516,B1_40_0.01,11,B1_40_0.01,11,24,1.85185E-06,77.7362488
B2,40,B2_40,34,Kândal,Kaoh Thum, ,0.66,0.275423131,0.002817063,B2_40_0.66,13,B2_40_0.66,13,8400,0.000648148,84768.82571
B2,20,B2_20,76,Kândal,Kaoh Thum, ,0.66,0.362883376,0.006306612,B2_20_0.66,34,B2_20_0.66,34,7135,0.00055054,72307.92071
B2,40,B2_40,76,Kândal,Kaoh Thum, ,0.66,0.362883376,0.006306612,B2_40_0.66,13,B2_40_0.66,13,8400,0.000648148,84768.82571
B2,10,B2_10,42,Kândal,Kaoh Thum, ,0.66,0.249545172,0.003499809,B2_10_0.66,67,B2_10_0.66,70,3607,0.000278318,37725.14935
B2,20,B2_20,42,Kândal,Kaoh Thum, ,0.66,0.249545172,0.003499809,B2_20_0.66,34,B2_20_0.66,34,7135,0.00055054,72307.92071
B2,40,B2_40,42,Kândal,Kaoh Thum, ,0.66,0.249545172,0.003499809,B2_40_0.66,13,B2_40_0.66,13,8400,0.000648148,84768.82571
M9,20,M9_20,1,Kândal,Kaoh Thum, ,0.66,0.075395396,9.09544E-05,M9_20_0.66,94,M9_20_0.66,97,6,4.62963E-07,75.56611881
M9,10,M9_10,1,Kândal,Kaoh Thum, ,0.66,0.075395396,9.09544E-05,M9_10_0.66,95,M9_10_0.66,98,6,4.62963E-07,75.56611881
M9,5,M9_5,1,Kândal,Kaoh Thum, ,0.66,0.075395396,9.09544E-05,M9_5_0.66,96,M9_5_0.66,99,6,4.62963E-07,75.56611881
M9,40,M9_40,1,Kândal,Kaoh Thum, ,0.66,0.075395396,9.09544E-05,M9_40_0.66,97,M9_40_0.66,100,6,4.62963E-07,75.56611881
B2,10,B2_10,23,Kândal,Kaoh Thum, ,0.66,0.214167526,0.001910873,B2_10_0.66,67,B2_10_0.66,70,3607,0.000278318,37725.14935
B2,20,B2_20,23,Kândal,Kaoh Thum, ,0.66,0.214167526,0.001910873,B2_20_0.66,34,B2_20_0.66,34,7135,0.00055054,72307.92071
B2,5,B2_5,23,Kândal,Kaoh Thum, ,0.66,0.214167526,0.001910873,B2_5_0.66,100,B2_5_0.66,103,1633,0.000126003,16701.47888
B2,40,B2_40,23,Kândal,Kaoh Thum, ,0.66,0.214167526,0.001910873,B2_40_0.66,13,B2_40_0.66,13,8400,0.000648148,84768.82571
B2,10,B2_10,16,Kândal,Kaoh Thum, ,0.66,0.183213364,0.001298507,B2_10_0.66,67,B2_10_0.66,70,3607,0.000278318,37725.14935
B2,20,B2_20,16,Kândal,Kaoh Thum, ,0.66,0.183213364,0.001298507,B2_20_0.66,34,B2_20_0.66,34,7135,0.00055054,72307.92071
B2,5,B2_5,16,Kândal,Kaoh Thum, ,0.66,0.183213364,0.001298507,B2_5_0.66,100,B2_5_0.66,103,1633,0.000126003,16701.47888
B2,2,B2_2,16,Kândal,Kaoh Thum, ,0.66,0.183213364,0.001298507,B2_2_0.66,122,B2_2_0.66,125,694,5.35494E-05,6419.135188
B2,40,B2_40,16,Kândal,Kaoh Thum, ,0.66,0.183213364,0.001298507,B2_40_0.66,13,B2_40_0.66,13,8400,0.000648148,84768.82571
M7,40,M7_40,21,Kândal,Khsach Kandal,no,0,0.174080907,0.001719247,M7_40_0.0,37,M7_40_0.0,37,24904,0.001921605,141714.3301
B1,40,B1_40,21,Kândal,Khsach Kandal,no,92,0.174080907,0.001719247,B1_40_0.0,10,B1_40_0.0,10,27027,0.002085417,153003.5032
M7,40,M7_40,56,Kândal,Khsach Kandal,no,92,0.356733407,0.004683408,M7_40_0.0,37,M7_40_0.0,37,24904,0.001921605,141714.3301
B1,40,B1_40,56,Kândal,Khsach Kandal,no,92,0.356733407,0.004683408,B1_40_0.0,10,B1_40_0.0,10,27027,0.002085417,153003.5032
M8,40,M8_40,56,Kândal,Khsach Kandal,no,92,0.356733407,0.004683408,M8_40_0.0,38,M8_40_0.0,38,24641,0.001901312,138937.0729
M7,20,M7_20,12,Kândal,Khsach Kandal,no,92,0.126068819,0.000967483,M7_20_0.0,87,M7_20_0.0,90,11851,0.000914429,65171.85594
M7,40,M7_40,12,Kândal,Khsach Kandal,no,92,0.126068819,0.000967483,M7_40_0.0,37,M7_40_0.0,37,24904,0.001921605,141714.3301
B1,40,B1_40,12,Kândal,Khsach Kandal,no,92,0.126068819,0.000967483,B1_40_0.0,10,B1_40_0.0,10,27027,0.002085417,153003.5032
M8,40,M8_40,12,Kândal,Khsach Kandal,no,92,0.126068819,0.000967483,M8_40_0.0,38,M8_40_0.0,38,24641,0.001901312,138937.0729
M7,20,M7_20,8,Kândal,Khsach Kandal,no,92,0.161491918,0.000627309,M7_20_0.0,87,M7_20_0.0,90,11851,0.000914429,65171.85594
B1,20,B1_20,8,Kândal,Khsach Kandal,no,92,0.161491918,0.000627309,B1_20_0.0,60,B1_20_0.0,60,10116,0.000780556,56188.58906
M7,40,M7_40,8,Kândal,Khsach Kandal,no,92,0.161491918,0.000627309,M7_40_0.0,37,M7_40_0.0,37,24904,0.001921605,141714.3301
B1,40,B1_40,8,Kândal,Khsach Kandal,no,92,0.161491918,0.000627309,B1_40_0.0,10,B1_40_0.0,10,27027,0.002085417,153003.5032
M8,40,M8_40,8,Kândal,Khsach Kandal,no,92,0.161491918,0.000627309,M8_40_0.0,38,M8_40_0.0,38,24641,0.001901312,138937.0729
M8,10,M8_10,1,Kândal,Khsach Kandal,no,92,0.042950956,9.49169E-05,M8_10_0.0,114,M8_10_0.0,117,3076,0.000237346,16612.14172
M8,20,M8_20,1,Kândal,Khsach Kandal,no,92,0.042950956,9.49169E-05,M8_20_0.0,115,M8_20_0.0,118,8689,0.000670448,49830.14067
M8,5,M8_5,1,Kândal,Khsach Kandal,no,92,0.042950956,9.49169E-05,M8_5_0.0,116,M8_5_0.0,119,1245,9.60648E-05,8246.538345
M8,2,M8_2,1,Kândal,Khsach Kandal,no,92,0.042950956,9.49169E-05,M8_2_0.0,117,M8_2_0.0,120,782,6.03395E-05,5356.381504
M8,40,M8_40,1,Kândal,Khsach Kandal,no,92,0.042950956,9.49169E-05,M8_40_0.0,38,M8_40_0.0,38,24641,0.001901312,138937.0729
M7,20,M7_20,12,Kândal,Khsach Kandal,no,92,0.140931276,0.001026544,M7_20_0.0,87,M7_20_0.0,90,11851,0.000914429,65171.85594
M8,20,M8_20,12,Kândal,Khsach Kandal,no,92,0.140931276,0.001026544,M8_20_0.0,115,M8_20_0.0,118,8689,0.000670448,49830.14067
B1,20,B1_20,12,Kândal,Khsach Kandal,no,92,0.140931276,0.001026544,B1_20_0.0,60,B1_20_0.0,60,10116,0.000780556,56188.58906
M7,40,M7_40,12,Kândal,Khsach Kandal,no,92,0.140931276,0.001026544,M7_40_0.0,37,M7_40_0.0,37,24904,0.001921605,141714.3301
B1,40,B1_40,12,Kândal,Khsach Kandal,no,92,0.140931276,0.001026544,B1_40_0.0,10,B1_40_0.0,10,27027,0.002085417,153003.5032
M8,40,M8_40,12,Kândal,Khsach Kandal,no,92,0.140931276,0.001026544,M8_40_0.0,38,M8_40_0.0,38,24641,0.001901312,138937.0729
M7,20,M7_20,8,Kândal,Khsach Kandal,no,92,0.155682432,0.000681521,M7_20_0.0,87,M7_20_0.0,90,11851,0.000914429,65171.85594
M7,10,M7_10,8,Kândal,Khsach Kandal,no,92,0.155682432,0.000681521,M7_10_0.0,130,M7_10_0.0,133,4570,0.000352623,25145.26222
M8,20,M8_20,8,Kândal,Khsach Kandal,no,92,0.155682432,0.000681521,M8_20_0.0,115,M8_20_0.0,118,8689,0.000670448,49830.14067
B1,20,B1_20,8,Kândal,Khsach Kandal,no,92,0.155682432,0.000681521,B1_20_0.0,60,B1_20_0.0,60,10116,0.000780556,56188.58906
M7,40,M7_40,8,Kândal,Khsach Kandal,no,92,0.155682432,0.000681521,M7_40_0.0,37,M7_40_0.0,37,24904,0.001921605,141714.3301
B1,40,B1_40,8,Kândal,Khsach Kandal,no,92,0.155682432,0.000681521,B1_40_0.0,10,B1_40_0.0,10,27027,0.002085417,153003.5032
M8,40,M8_40,8,Kândal,Khsach Kandal,no,92,0.155682432,0.000681521,M8_40_0.0,38,M8_40_0.0,38,24641,0.001901312,138937.0729
M7,20,M7_20,9,Kândal,Khsach Kandal,no,92,0.129187565,0.000728662,M7_20_0.0,87,M7_20_0.0,90,11851,0.000914429,65171.85594
M7,10,M7_10,9,Kândal,Khsach Kandal,no,92,0.129187565,0.000728662,M7_10_0.0,130,M7_10_0.0,133,4570,0.000352623,25145.26222
M8,20,M8_20,9,Kândal,Khsach Kandal,no,92,0.129187565,0.000728662,M8_20_0.0,115,M8_20_0.0,118,8689,0.000670448,49830.14067
B1,20,B1_20,9,Kândal,Khsach Kandal,no,92,0.129187565,0.000728662,B1_20_0.0,60,B1_20_0.0,60,10116,0.000780556,56188.58906
B1,10,B1_10,9,Kândal,Khsach Kandal,no,92,0.129187565,0.000728662,B1_10_0.0,132,B1_10_0.0,135,3995,0.000308256,21253.24814
M7,40,M7_40,9,Kândal,Khsach Kandal,no,92,0.129187565,0.000728662,M7_40_0.0,37,M7_40_0.0,37,24904,0.001921605,141714.3301
B1,40,B1_40,9,Kândal,Khsach Kandal,no,92,0.129187565,0.000728662,B1_40_0.0,10,B1_40_0.0,10,27027,0.002085417,153003.5032
M8,40,M8_40,9,Kândal,Khsach Kandal,no,92,0.129187565,0.000728662,M8_40_0.0,38,M8_40_0.0,38,24641,0.001901312,138937.0729
M7,20,M7_20,5,Kândal,Khsach Kandal,no,92,0.10521435,0.000394291,M7_20_0.0,87,M7_20_0.0,90,11851,0.000914429,65171.85594
M7,10,M7_10,5,Kândal,Khsach Kandal,no,92,0.10521435,0.000394291,M7_10_0.0,130,M7_10_0.0,133,4570,0.000352623,25145.26222
M7,5,M7_5,5,Kândal,Khsach Kandal,no,92,0.10521435,0.000394291,M7_5_0.0,146,M7_5_0.0,149,2009,0.000155015,8869.996584
M8,20,M8_20,5,Kândal,Khsach Kandal,no,92,0.10521435,0.000394291,M8_20_0.0,115,M8_20_0.0,118,8689,0.000670448,49830.14067
B1,20,B1_20,5,Kândal,Khsach Kandal,no,92,0.10521435,0.000394291,B1_20_0.0,60,B1_20_0.0,60,10116,0.000780556,56188.58906
B1,10,B1_10,5,Kândal,Khsach Kandal,no,92,0.10521435,0.000394291,B1_10_0.0,132,B1_10_0.0,135,3995,0.000308256,21253.24814
M7,40,M7_40,5,Kândal,Khsach Kandal,no,92,0.10521435,0.000394291,M7_40_0.0,37,M7_40_0.0,37,24904,0.001921605,141714.3301
B1,40,B1_40,5,Kândal,Khsach Kandal,no,92,0.10521435,0.000394291,B1_40_0.0,10,B1_40_0.0,10,27027,0.002085417,153003.5032
M8,40,M8_40,5,Kândal,Khsach Kandal,no,92,0.10521435,0.000394291,M8_40_0.0,38,M8_40_0.0,38,24641,0.001901312,138937.0729
M7,20,M7_20,5,Kândal,Khsach Kandal,no,92,0.09736262,0.000412212,M7_20_0.0,87,M7_20_0.0,90,11851,0.000914429,65171.85594
M7,10,M7_10,5,Kândal,Khsach Kandal,no,92,0.09736262,0.000412212,M7_10_0.0,130,M7_10_0.0,133,4570,0.000352623,25145.26222
M7,5,M7_5,5,Kândal,Khsach Kandal,no,92,0.09736262,0.000412212,M7_5_0.0,146,M7_5_0.0,149,2009,0.000155015,8869.996584
M8,10,M8_10,5,Kândal,Khsach Kandal,no,92,0.09736262,0.000412212,M8_10_0.0,114,M8_10_0.0,117,3076,0.000237346,16612.14172
M8,20,M8_20,5,Kândal,Khsach Kandal,no,92,0.09736262,0.000412212,M8_20_0.0,115,M8_20_0.0,118,8689,0.000670448,49830.14067
B1,20,B1_20,5,Kândal,Khsach Kandal,no,92,0.09736262,0.000412212,B1_20_0.0,60,B1_20_0.0,60,10116,0.000780556,56188.58906
B1,10,B1_10,5,Kândal,Khsach Kandal,no,92,0.09736262,0.000412212,B1_10_0.0,132,B1_10_0.0,135,3995,0.000308256,21253.24814
M7,40,M7_40,5,Kândal,Khsach Kandal,no,92,0.09736262,0.000412212,M7_40_0.0,37,M7_40_0.0,37,24904,0.001921605,141714.3301
B1,40,B1_40,5,Kândal,Khsach Kandal,no,92,0.09736262,0.000412212,B1_40_0.0,10,B1_40_0.0,10,27027,0.002085417,153003.5032
M8,40,M8_40,5,Kândal,Khsach Kandal,no,92,0.09736262,0.000412212,M8_40_0.0,38,M8_40_0.0,38,24641,0.001901312,138937.0729
M7,20,M7_20,6,Kândal,Khsach Kandal,no,92,0.101266451,0.000481499,M7_20_0.0,87,M7_20_0.0,90,11851,0.000914429,65171.85594
M7,10,M7_10,6,Kândal,Khsach Kandal,no,92,0.101266451,0.000481499,M7_10_0.0,130,M7_10_0.0,133,4570,0.000352623,25145.26222
M7,2,M7_2,6,Kândal,Khsach Kandal,no,92,0.101266451,0.000481499,M7_2_0.0,157,M7_2_0.0,160,1002,7.73148E-05,4073.339452
M7,5,M7_5,6,Kândal,Khsach Kandal,no,92,0.101266451,0.000481499,M7_5_0.0,146,M7_5_0.0,149,2009,0.000155015,8869.996584
M8,10,M8_10,6,Kândal,Khsach Kandal,no,92,0.101266451,0.000481499,M8_10_0.0,114,M8_10_0.0,117,3076,0.000237346,16612.14172
M8,20,M8_20,6,Kândal,Khsach Kandal,no,92,0.101266451,0.000481499,M8_20_0.0,115,M8_20_0.0,118,8689,0.000670448,49830.14067
B1,20,B1_20,6,Kândal,Khsach Kandal,no,92,0.101266451,0.000481499,B1_20_0.0,60,B1_20_0.0,60,10116,0.000780556,56188.58906
B1,10,B1_10,6,Kândal,Khsach Kandal,no,92,0.101266451,0.000481499,B1_10_0.0,132,B1_10_0.0,135,3995,0.000308256,21253.24814
B1,5,B1_5,6,Kândal,Khsach Kandal,no,92,0.101266451,0.000481499,B1_5_0.0,133,B1_5_0.0,136,1926,0.000148611,9868.823348
M7,40,M7_40,6,Kândal,Khsach Kandal,no,92,0.101266451,0.000481499,M7_40_0.0,37,M7_40_0.0,37,24904,0.001921605,141714.3301
B1,40,B1_40,6,Kândal,Khsach Kandal,no,92,0.101266451,0.000481499,B1_40_0.0,10,B1_40_0.0,10,27027,0.002085417,153003.5032
M8,40,M8_40,6,Kândal,Khsach Kandal,no,92,0.101266451,0.000481499,M8_40_0.0,38,M8_40_0.0,38,24641,0.001901312,138937.0729
M8,10,M8_10,2,Kândal,Kien Svay, ,92,0.095292863,0.000132898,M8_10_0.39,88,M8_10_0.39,91,3973,0.000306559,25901.20773
M8,20,M8_20,2,Kândal,Kien Svay, ,92,0.095292863,0.000132898,M8_20_0.39,89,M8_20_0.39,92,3973,0.000306559,25901.20773
M8,5,M8_5,2,Kândal,Kien Svay, ,92,0.095292863,0.000132898,M8_5_0.39,90,M8_5_0.39,93,3973,0.000306559,25901.20773
M8,40,M8_40,2,Kândal,Kien Svay, ,92,0.095292863,0.000132898,M8_40_0.39,91,M8_40_0.39,94,3973,0.000306559,25901.20773
M8,10,M8_10,8,Kândal,Kien Svay, ,92,0.102954127,0.00063828,M8_10_0.39,88,M8_10_0.39,91,3973,0.000306559,25901.20773
M8,20,M8_20,8,Kândal,Kien Svay, ,92,0.102954127,0.00063828,M8_20_0.39,89,M8_20_0.39,92,3973,0.000306559,25901.20773
M8,5,M8_5,8,Kândal,Kien Svay, ,92,0.102954127,0.00063828,M8_5_0.39,90,M8_5_0.39,93,3973,0.000306559,25901.20773
M8,2,M8_2,8,Kândal,Kien Svay, ,92,0.102954127,0.00063828,M8_2_0.39,118,M8_2_0.39,121,2799,0.000215972,18088.58296
M8,40,M8_40,8,Kândal,Kien Svay, ,92,0.102954127,0.00063828,M8_40_0.39,91,M8_40_0.39,94,3973,0.000306559,25901.20773
M8,10,M8_10,4,Kândal,Kien Svay, ,92,0.072753957,0.00030554,M8_10_0.39,88,M8_10_0.39,91,3973,0.000306559,25901.20773
M8,20,M8_20,4,Kândal,Kien Svay, ,92,0.072753957,0.00030554,M8_20_0.39,89,M8_20_0.39,92,3973,0.000306559,25901.20773
M8,5,M8_5,4,Kândal,Kien Svay, ,92,0.072753957,0.00030554,M8_5_0.39,90,M8_5_0.39,93,3973,0.000306559,25901.20773
B1,20,B1_20,4,Kândal,Kien Svay, ,92,0.072753957,0.00030554,B1_20_0.39,148,B1_20_0.39,151,904,6.97531E-05,5953.727974
B1,10,B1_10,4,Kândal,Kien Svay, ,92,0.072753957,0.00030554,B1_10_0.39,149,B1_10_0.39,152,904,6.97531E-05,5953.727974
B1,5,B1_5,4,Kândal,Kien Svay, ,92,0.072753957,0.00030554,B1_5_0.39,150,B1_5_0.39,153,904,6.97531E-05,5953.727974
B1,2,B1_2,4,Kândal,Kien Svay, ,92,0.072753957,0.00030554,B1_2_0.39,151,B1_2_0.39,154,904,6.97531E-05,5953.727974
B1,40,B1_40,4,Kândal,Kien Svay, ,92,0.072753957,0.00030554,B1_40_0.39,152,B1_40_0.39,155,904,6.97531E-05,5953.727974
M8,40,M8_40,4,Kândal,Kien Svay, ,92,0.072753957,0.00030554,M8_40_0.39,91,M8_40_0.39,94,3973,0.000306559,25901.20773
M9,40,M9_40,71,Kândal,Leuk Daek, ,0.39,0.422778806,0.00591309,M9_40_0.39,15,M9_40_0.39,15,4239,0.000327083,34019.99107
M9,20,M9_20,44,Kândal,Leuk Daek, ,0.39,0.270143908,0.003602784,M9_20_0.39,32,M9_20_0.39,32,1651,0.000127392,12151.28454
M9,40,M9_40,44,Kândal,Leuk Daek, ,0.39,0.270143908,0.003602784,M9_40_0.39,15,M9_40_0.39,15,4239,0.000327083,34019.99107
M9,20,M9_20,23,Kândal,Leuk Daek, ,0.39,0.175400118,0.001921655,M9_20_0.39,32,M9_20_0.39,32,1651,0.000127392,12151.28454
M9,10,M9_10,23,Kândal,Leuk Daek, ,0.39,0.175400118,0.001921655,M9_10_0.39,65,M9_10_0.39,68,755,5.82562E-05,5572.990836
M9,40,M9_40,23,Kândal,Leuk Daek, ,0.39,0.175400118,0.001921655,M9_40_0.39,15,M9_40_0.39,15,4239,0.000327083,34019.99107
M9,20,M9_20,13,Kândal,Leuk Daek, ,0.39,0.141342903,0.001080373,M9_20_0.39,32,M9_20_0.39,32,1651,0.000127392,12151.28454
M9,10,M9_10,13,Kândal,Leuk Daek, ,0.39,0.141342903,0.001080373,M9_10_0.39,65,M9_10_0.39,68,755,5.82562E-05,5572.990836
M9,5,M9_5,13,Kândal,Leuk Daek, ,0.39,0.141342903,0.001080373,M9_5_0.39,98,M9_5_0.39,101,381,2.93981E-05,2725.468958
M9,40,M9_40,13,Kândal,Leuk Daek, ,0.39,0.141342903,0.001080373,M9_40_0.39,15,M9_40_0.39,15,4239,0.000327083,34019.99107
M9,20,M9_20,7,Kândal,Leuk Daek, ,0.39,0.103026251,0.000566585,M9_20_0.39,32,M9_20_0.39,32,1651,0.000127392,12151.28454
M9,10,M9_10,7,Kândal,Leuk Daek, ,0.39,0.103026251,0.000566585,M9_10_0.39,65,M9_10_0.39,68,755,5.82562E-05,5572.990836
M9,5,M9_5,7,Kândal,Leuk Daek, ,0.39,0.103026251,0.000566585,M9_5_0.39,98,M9_5_0.39,101,381,2.93981E-05,2725.468958
M9,2,M9_2,7,Kândal,Leuk Daek, ,0.39,0.103026251,0.000566585,M9_2_0.39,120,M9_2_0.39,123,106,8.17901E-06,755.2497016
M9,40,M9_40,7,Kândal,Leuk Daek, ,0.39,0.103026251,0.000566585,M9_40_0.39,15,M9_40_0.39,15,4239,0.000327083,34019.99107
M8,10,M8_10,6,Kândal,Lvea Aem,no,0,0.108363548,0.000520338,M8_10_0.0,114,M8_10_0.0,117,3076,0.000237346,16612.14172
M8,20,M8_20,6,Kândal,Lvea Aem,no,0,0.108363548,0.000520338,M8_20_0.0,115,M8_20_0.0,118,8689,0.000670448,49830.14067
M8,5,M8_5,6,Kândal,Lvea Aem,no,0,0.108363548,0.000520338,M8_5_0.0,116,M8_5_0.0,119,1245,9.60648E-05,8246.538345
M8,2,M8_2,6,Kândal,Lvea Aem,no,0,0.108363548,0.000520338,M8_2_0.0,117,M8_2_0.0,120,782,6.03395E-05,5356.381504
M8,40,M8_40,6,Kândal,Lvea Aem,no,0,0.108363548,0.000520338,M8_40_0.0,38,M8_40_0.0,38,24641,0.001901312,138937.0729
M8,10,M8_10,2,Kândal,Lvea Aem,no,0,0.06134427,0.000191971,M8_10_0.0,114,M8_10_0.0,117,3076,0.000237346,16612.14172
M8,20,M8_20,2,Kândal,Lvea Aem,no,0,0.06134427,0.000191971,M8_20_0.0,115,M8_20_0.0,118,8689,0.000670448,49830.14067
B1,20,B1_20,2,Kândal,Lvea Aem,no,0,0.06134427,0.000191971,B1_20_0.0,60,B1_20_0.0,60,10116,0.000780556,56188.58906
B1,10,B1_10,2,Kândal,Lvea Aem,no,0,0.06134427,0.000191971,B1_10_0.0,132,B1_10_0.0,135,3995,0.000308256,21253.24814
B1,5,B1_5,2,Kândal,Lvea Aem,no,0,0.06134427,0.000191971,B1_5_0.0,133,B1_5_0.0,136,1926,0.000148611,9868.823348
B1,40,B1_40,2,Kândal,Lvea Aem,no,0,0.06134427,0.000191971,B1_40_0.0,10,B1_40_0.0,10,27027,0.002085417,153003.5032
M8,40,M8_40,2,Kândal,Lvea Aem,no,0,0.06134427,0.000191971,M8_40_0.0,38,M8_40_0.0,38,24641,0.001901312,138937.0729
M8,10,M8_10,5,Kândal,Lvea Aem,no,0,0.086221366,0.000421018,M8_10_0.0,114,M8_10_0.0,117,3076,0.000237346,16612.14172
M8,20,M8_20,5,Kândal,Lvea Aem,no,0,0.086221366,0.000421018,M8_20_0.0,115,M8_20_0.0,118,8689,0.000670448,49830.14067
M8,5,M8_5,5,Kândal,Lvea Aem,no,0,0.086221366,0.000421018,M8_5_0.0,116,M8_5_0.0,119,1245,9.60648E-05,8246.538345
B1,20,B1_20,5,Kândal,Lvea Aem,no,0,0.086221366,0.000421018,B1_20_0.0,60,B1_20_0.0,60,10116,0.000780556,56188.58906
B1,10,B1_10,5,Kândal,Lvea Aem,no,0,0.086221366,0.000421018,B1_10_0.0,132,B1_10_0.0,135,3995,0.000308256,21253.24814
B1,5,B1_5,5,Kândal,Lvea Aem,no,0,0.086221366,0.000421018,B1_5_0.0,133,B1_5_0.0,136,1926,0.000148611,9868.823348
B1,40,B1_40,5,Kândal,Lvea Aem,no,0,0.086221366,0.000421018,B1_40_0.0,10,B1_40_0.0,10,27027,0.002085417,153003.5032
M8,40,M8_40,5,Kândal,Lvea Aem,no,0,0.086221366,0.000421018,M8_40_0.0,38,M8_40_0.0,38,24641,0.001901312,138937.0729
M8,10,M8_10,2,Kândal,Lvea Aem,no,0,0.073322858,0.000160843,M8_10_0.0,114,M8_10_0.0,117,3076,0.000237346,16612.14172
M8,20,M8_20,2,Kândal,Lvea Aem,no,0,0.073322858,0.000160843,M8_20_0.0,115,M8_20_0.0,118,8689,0.000670448,49830.14067
M8,5,M8_5,2,Kândal,Lvea Aem,no,0,0.073322858,0.000160843,M8_5_0.0,116,M8_5_0.0,119,1245,9.60648E-05,8246.538345
M8,2,M8_2,2,Kândal,Lvea Aem,no,0,0.073322858,0.000160843,M8_2_0.0,117,M8_2_0.0,120,782,6.03395E-05,5356.381504
B1,20,B1_20,2,Kândal,Lvea Aem,no,0,0.073322858,0.000160843,B1_20_0.0,60,B1_20_0.0,60,10116,0.000780556,56188.58906
B1,10,B1_10,2,Kândal,Lvea Aem,no,0,0.073322858,0.000160843,B1_10_0.0,132,B1_10_0.0,135,3995,0.000308256,21253.24814
B1,5,B1_5,2,Kândal,Lvea Aem,no,0,0.073322858,0.000160843,B1_5_0.0,133,B1_5_0.0,136,1926,0.000148611,9868.823348
B1,40,B1_40,2,Kândal,Lvea Aem,no,0,0.073322858,0.000160843,B1_40_0.0,10,B1_40_0.0,10,27027,0.002085417,153003.5032
M8,40,M8_40,2,Kândal,Lvea Aem,no,0,0.073322858,0.000160843,M8_40_0.0,38,M8_40_0.0,38,24641,0.001901312,138937.0729
M7,20,M7_20,1,Kândal,Lvea Aem,no,0,0.062945211,0.000120051,M7_20_0.0,87,M7_20_0.0,90,11851,0.000914429,65171.85594
M7,10,M7_10,1,Kândal,Lvea Aem,no,0,0.062945211,0.000120051,M7_10_0.0,130,M7_10_0.0,133,4570,0.000352623,25145.26222
M7,2,M7_2,1,Kândal,Lvea Aem,no,0,0.062945211,0.000120051,M7_2_0.0,157,M7_2_0.0,160,1002,7.73148E-05,4073.339452
M7,5,M7_5,1,Kândal,Lvea Aem,no,0,0.062945211,0.000120051,M7_5_0.0,146,M7_5_0.0,149,2009,0.000155015,8869.996584
M8,10,M8_10,1,Kândal,Lvea Aem,no,0,0.062945211,0.000120051,M8_10_0.0,114,M8_10_0.0,117,3076,0.000237346,16612.14172
M8,20,M8_20,1,Kândal,Lvea Aem,no,0,0.062945211,0.000120051,M8_20_0.0,115,M8_20_0.0,118,8689,0.000670448,49830.14067
B1,20,B1_20,1,Kândal,Lvea Aem,no,0,0.062945211,0.000120051,B1_20_0.0,60,B1_20_0.0,60,10116,0.000780556,56188.58906
B1,10,B1_10,1,Kândal,Lvea Aem,no,0,0.062945211,0.000120051,B1_10_0.0,132,B1_10_0.0,135,3995,0.000308256,21253.24814
B1,5,B1_5,1,Kândal,Lvea Aem,no,0,0.062945211,0.000120051,B1_5_0.0,133,B1_5_0.0,136,1926,0.000148611,9868.823348
M7,40,M7_40,1,Kândal,Lvea Aem,no,0,0.062945211,0.000120051,M7_40_0.0,37,M7_40_0.0,37,24904,0.001921605,141714.3301
B1,40,B1_40,1,Kândal,Lvea Aem,no,0,0.062945211,0.000120051,B1_40_0.0,10,B1_40_0.0,10,27027,0.002085417,153003.5032
M8,40,M8_40,1,Kândal,Lvea Aem,no,0,0.062945211,0.000120051,M8_40_0.0,38,M8_40_0.0,38,24641,0.001901312,138937.0729
M7,20,M7_20,1,Kândal,Lvea Aem,no,0,0.029507537,4.47384E-05,M7_20_0.0,87,M7_20_0.0,90,11851,0.000914429,65171.85594
M7,10,M7_10,1,Kândal,Lvea Aem,no,0,0.029507537,4.47384E-05,M7_10_0.0,130,M7_10_0.0,133,4570,0.000352623,25145.26222
M7,2,M7_2,1,Kândal,Lvea Aem,no,0,0.029507537,4.47384E-05,M7_2_0.0,157,M7_2_0.0,160,1002,7.73148E-05,4073.339452
M7,5,M7_5,1,Kândal,Lvea Aem,no,0,0.029507537,4.47384E-05,M7_5_0.0,146,M7_5_0.0,149,2009,0.000155015,8869.996584
M8,10,M8_10,1,Kândal,Lvea Aem,no,0,0.029507537,4.47384E-05,M8_10_0.0,114,M8_10_0.0,117,3076,0.000237346,16612.14172
M8,20,M8_20,1,Kândal,Lvea Aem,no,0,0.029507537,4.47384E-05,M8_20_0.0,115,M8_20_0.0,118,8689,0.000670448,49830.14067
M8,5,M8_5,1,Kândal,Lvea Aem,no,0,0.029507537,4.47384E-05,M8_5_0.0,116,M8_5_0.0,119,1245,9.60648E-05,8246.538345
B1,20,B1_20,1,Kândal,Lvea Aem,no,0,0.029507537,4.47384E-05,B1_20_0.0,60,B1_20_0.0,60,10116,0.000780556,56188.58906
B1,10,B1_10,1,Kândal,Lvea Aem,no,0,0.029507537,4.47384E-05,B1_10_0.0,132,B1_10_0.0,135,3995,0.000308256,21253.24814
B1,5,B1_5,1,Kândal,Lvea Aem,no,0,0.029507537,4.47384E-05,B1_5_0.0,133,B1_5_0.0,136,1926,0.000148611,9868.823348
M7,40,M7_40,1,Kândal,Lvea Aem,no,0,0.029507537,4.47384E-05,M7_40_0.0,37,M7_40_0.0,37,24904,0.001921605,141714.3301
B1,40,B1_40,1,Kândal,Lvea Aem,no,0,0.029507537,4.47384E-05,B1_40_0.0,10,B1_40_0.0,10,27027,0.002085417,153003.5032
M8,40,M8_40,1,Kândal,Lvea Aem,no,0,0.029507537,4.47384E-05,M8_40_0.0,38,M8_40_0.0,38,24641,0.001901312,138937.0729
M7,40,M7_40,20,Kândal,Mukh Kampul,no,92,0.209081703,0.001656276,M7_40_0.0,37,M7_40_0.0,37,24904,0.001921605,141714.3301
B1,40,B1_40,20,Kândal,Mukh Kampul,no,92,0.209081703,0.001656276,B1_40_0.0,10,B1_40_0.0,10,27027,0.002085417,153003.5032
B1,40,B1_40,7,Kândal,Mukh Kampul,no,92,0.119480544,0.000545888,B1_40_0.0,10,B1_40_0.0,10,27027,0.002085417,153003.5032
M8,40,M8_40,7,Kândal,Mukh Kampul,no,92,0.119480544,0.000545888,M8_40_0.0,38,M8_40_0.0,38,24641,0.001901312,138937.0729
B1,20,B1_20,9,Kândal,Mukh Kampul,no,92,0.116142925,0.000772883,B1_20_0.0,60,B1_20_0.0,60,10116,0.000780556,56188.58906
B1,40,B1_40,9,Kândal,Mukh Kampul,no,92,0.116142925,0.000772883,B1_40_0.0,10,B1_40_0.0,10,27027,0.002085417,153003.5032
M8,40,M8_40,9,Kândal,Mukh Kampul,no,92,0.116142925,0.000772883,M8_40_0.0,38,M8_40_0.0,38,24641,0.001901312,138937.0729
M7,40,M7_40,43,Kândal,Mukh Kampul,no,92,0.271968606,0.003595037,M7_40_0.0,37,M7_40_0.0,37,24904,0.001921605,141714.3301
B1,40,B1_40,43,Kândal,Mukh Kampul,no,92,0.271968606,0.003595037,B1_40_0.0,10,B1_40_0.0,10,27027,0.002085417,153003.5032
M8,40,M8_40,43,Kândal,Mukh Kampul,no,92,0.271968606,0.003595037,M8_40_0.0,38,M8_40_0.0,38,24641,0.001901312,138937.0729
M7,20,M7_20,31,Kândal,Mukh Kampul,no,92,0.21030403,0.002568183,M7_20_0.0,87,M7_20_0.0,90,11851,0.000914429,65171.85594
M7,40,M7_40,31,Kândal,Mukh Kampul,no,92,0.21030403,0.002568183,M7_40_0.0,37,M7_40_0.0,37,24904,0.001921605,141714.3301
B1,40,B1_40,31,Kândal,Mukh Kampul,no,92,0.21030403,0.002568183,B1_40_0.0,10,B1_40_0.0,10,27027,0.002085417,153003.5032
M8,40,M8_40,31,Kândal,Mukh Kampul,no,92,0.21030403,0.002568183,M8_40_0.0,38,M8_40_0.0,38,24641,0.001901312,138937.0729
M7,20,M7_20,16,Kândal,Mukh Kampul,no,92,0.201962312,0.001345995,M7_20_0.0,87,M7_20_0.0,90,11851,0.000914429,65171.85594
B1,20,B1_20,16,Kândal,Mukh Kampul,no,92,0.201962312,0.001345995,B1_20_0.0,60,B1_20_0.0,60,10116,0.000780556,56188.58906
M7,40,M7_40,16,Kândal,Mukh Kampul,no,92,0.201962312,0.001345995,M7_40_0.0,37,M7_40_0.0,37,24904,0.001921605,141714.3301
B1,40,B1_40,16,Kândal,Mukh Kampul,no,92,0.201962312,0.001345995,B1_40_0.0,10,B1_40_0.0,10,27027,0.002085417,153003.5032
M8,40,M8_40,16,Kândal,Mukh Kampul,no,92,0.201962312,0.001345995,M8_40_0.0,38,M8_40_0.0,38,24641,0.001901312,138937.0729
M7,20,M7_20,15,Kândal,Mukh Kampul,no,92,0.185211921,0.001219649,M7_20_0.0,87,M7_20_0.0,90,11851,0.000914429,65171.85594
M8,20,M8_20,15,Kândal,Mukh Kampul,no,92,0.185211921,0.001219649,M8_20_0.0,115,M8_20_0.0,118,8689,0.000670448,49830.14067
B1,20,B1_20,15,Kândal,Mukh Kampul,no,92,0.185211921,0.001219649,B1_20_0.0,60,B1_20_0.0,60,10116,0.000780556,56188.58906
M7,40,M7_40,15,Kândal,Mukh Kampul,no,92,0.185211921,0.001219649,M7_40_0.0,37,M7_40_0.0,37,24904,0.001921605,141714.3301
B1,40,B1_40,15,Kândal,Mukh Kampul,no,92,0.185211921,0.001219649,B1_40_0.0,10,B1_40_0.0,10,27027,0.002085417,153003.5032
M8,40,M8_40,15,Kândal,Mukh Kampul,no,92,0.185211921,0.001219649,M8_40_0.0,38,M8_40_0.0,38,24641,0.001901312,138937.0729
M7,20,M7_20,4,Kândal,Mukh Kampul,no,92,0.07885747,0.000347739,M7_20_0.0,87,M7_20_0.0,90,11851,0.000914429,65171.85594
M7,10,M7_10,4,Kândal,Mukh Kampul,no,92,0.07885747,0.000347739,M7_10_0.0,130,M7_10_0.0,133,4570,0.000352623,25145.26222
M8,20,M8_20,4,Kândal,Mukh Kampul,no,92,0.07885747,0.000347739,M8_20_0.0,115,M8_20_0.0,118,8689,0.000670448,49830.14067
B1,20,B1_20,4,Kândal,Mukh Kampul,no,92,0.07885747,0.000347739,B1_20_0.0,60,B1_20_0.0,60,10116,0.000780556,56188.58906
M7,40,M7_40,4,Kândal,Mukh Kampul,no,92,0.07885747,0.000347739,M7_40_0.0,37,M7_40_0.0,37,24904,0.001921605,141714.3301
B1,40,B1_40,4,Kândal,Mukh Kampul,no,92,0.07885747,0.000347739,B1_40_0.0,10,B1_40_0.0,10,27027,0.002085417,153003.5032
M8,40,M8_40,4,Kândal,Mukh Kampul,no,92,0.07885747,0.000347739,M8_40_0.0,38,M8_40_0.0,38,24641,0.001901312,138937.0729
B1,40,B1_40,32,Kândal,Ponhea Lueu, ,2.64,0.286377016,0.002673169,B1_40_2.64,12,B1_40_2.64,12,8885,0.000685571,62237.05092
B1,40,B1_40,119,Kândal,Ponhea Lueu, ,2.64,0.431021245,0.009859131,B1_40_2.64,12,B1_40_2.64,12,8885,0.000685571,62237.05092
M8,40,M8_40,119,Kândal,Ponhea Lueu, ,2.64,0.431021245,0.009859131,M8_40_2.64,39,M8_40_2.64,39,7329,0.000565509,48432.86449
B1,20,B1_20,18,Kândal,Ponhea Lueu, ,2.64,0.188164911,0.001497004,B1_20_2.64,61,B1_20_2.64,61,2304,0.000177778,13779.28292
B1,40,B1_40,18,Kândal,Ponhea Lueu, ,2.64,0.188164911,0.001497004,B1_40_2.64,12,B1_40_2.64,12,8885,0.000685571,62237.05092
M8,40,M8_40,18,Kândal,Ponhea Lueu, ,2.64,0.188164911,0.001497004,M8_40_2.64,39,M8_40_2.64,39,7329,0.000565509,48432.86449
B2,40,B2_40,127,Kândal,S'ang,no,0,0.478236711,0.010505026,B2_40_0.0,14,B2_40_0.0,14,8579,0.00066196,62667.79084
M5,20,M5_20,31,Krâchéh,Kracheh,Yes,40,0.22436165,0.002615835,M5_20_9.58,25,M5_20_9.58,25,4458,0.000343981,26760.1916
M5,40,M5_40,31,Krâchéh,Kracheh,Yes,40,0.22436165,0.002615835,M5_40_9.58,26,M5_40_9.58,26,4620,0.000356481,28026.70685
M5,10,M5_10,23,Krâchéh,Kracheh,Yes,40,0.178175101,0.001873581,M5_10_9.58,50,M5_10_9.58,50,3752,0.000289506,20892.80555
M5,20,M5_20,23,Krâchéh,Kracheh,Yes,40,0.178175101,0.001873581,M5_20_9.58,25,M5_20_9.58,25,4458,0.000343981,26760.1916
M5,40,M5_40,23,Krâchéh,Kracheh,Yes,40,0.178175101,0.001873581,M5_40_9.58,26,M5_40_9.58,26,4620,0.000356481,28026.70685
M4,20,M4_20,5,Krâchéh,Kracheh,Yes,40,0.15519891,0.000451265,M4_20_9.58,76,M4_20_9.58,79,281,2.16821E-05,2196.920868
M4,10,M4_10,5,Krâchéh,Kracheh,Yes,40,0.15519891,0.000451265,M4_10_9.58,77,M4_10_9.58,80,281,2.16821E-05,2196.920868
M4,40,M4_40,5,Krâchéh,Kracheh,Yes,40,0.15519891,0.000451265,M4_40_9.58,78,M4_40_9.58,81,281,2.16821E-05,2196.920868
M5,40,M5_40,5,Krâchéh,Kracheh,Yes,40,0.15519891,0.000451265,M5_40_9.58,26,M5_40_9.58,26,4620,0.000356481,28026.70685
M5,10,M5_10,19,Krâchéh,Kracheh,Yes,40,0.17128795,0.001571719,M5_10_9.58,50,M5_10_9.58,50,3752,0.000289506,20892.80555
M5,20,M5_20,19,Krâchéh,Kracheh,Yes,40,0.17128795,0.001571719,M5_20_9.58,25,M5_20_9.58,25,4458,0.000343981,26760.1916
M5,5,M5_5,19,Krâchéh,Kracheh,Yes,40,0.17128795,0.001571719,M5_5_9.58,83,M5_5_9.58,86,3211,0.000247762,16959.41872
M5,40,M5_40,19,Krâchéh,Kracheh,Yes,40,0.17128795,0.001571719,M5_40_9.58,26,M5_40_9.58,26,4620,0.000356481,28026.70685
M4,20,M4_20,10,Krâchéh,Kracheh,Yes,40,0.130006783,0.00085414,M4_20_9.58,76,M4_20_9.58,79,281,2.16821E-05,2196.920868
M4,10,M4_10,10,Krâchéh,Kracheh,Yes,40,0.130006783,0.00085414,M4_10_9.58,77,M4_10_9.58,80,281,2.16821E-05,2196.920868
M4,5,M4_5,10,Krâchéh,Kracheh,Yes,40,0.130006783,0.00085414,M4_5_9.58,107,M4_5_9.58,110,245,1.89043E-05,1915.54098
M4,40,M4_40,10,Krâchéh,Kracheh,Yes,40,0.130006783,0.00085414,M4_40_9.58,78,M4_40_9.58,81,281,2.16821E-05,2196.920868
M5,40,M5_40,10,Krâchéh,Kracheh,Yes,40,0.130006783,0.00085414,M5_40_9.58,26,M5_40_9.58,26,4620,0.000356481,28026.70685
M5,10,M5_10,10,Krâchéh,Kracheh,Yes,40,0.129432987,0.000859981,M5_10_9.58,50,M5_10_9.58,50,3752,0.000289506,20892.80555
M5,20,M5_20,10,Krâchéh,Kracheh,Yes,40,0.129432987,0.000859981,M5_20_9.58,25,M5_20_9.58,25,4458,0.000343981,26760.1916
M5,2,M5_2,10,Krâchéh,Kracheh,Yes,40,0.129432987,0.000859981,M5_2_9.58,110,M5_2_9.58,113,487,3.75772E-05,2422.998961
M5,5,M5_5,10,Krâchéh,Kracheh,Yes,40,0.129432987,0.000859981,M5_5_9.58,83,M5_5_9.58,86,3211,0.000247762,16959.41872
M5,40,M5_40,10,Krâchéh,Kracheh,Yes,40,0.129432987,0.000859981,M5_40_9.58,26,M5_40_9.58,26,4620,0.000356481,28026.70685
M4,20,M4_20,3,Krâchéh,Kracheh,Yes,40,0.105817329,0.000211543,M4_20_9.58,76,M4_20_9.58,79,281,2.16821E-05,2196.920868
M4,10,M4_10,3,Krâchéh,Kracheh,Yes,40,0.105817329,0.000211543,M4_10_9.58,77,M4_10_9.58,80,281,2.16821E-05,2196.920868
M4,5,M4_5,3,Krâchéh,Kracheh,Yes,40,0.105817329,0.000211543,M4_5_9.58,107,M4_5_9.58,110,245,1.89043E-05,1915.54098
M5,20,M5_20,3,Krâchéh,Kracheh,Yes,40,0.105817329,0.000211543,M5_20_9.58,25,M5_20_9.58,25,4458,0.000343981,26760.1916
M4,40,M4_40,3,Krâchéh,Kracheh,Yes,40,0.105817329,0.000211543,M4_40_9.58,78,M4_40_9.58,81,281,2.16821E-05,2196.920868
M5,40,M5_40,3,Krâchéh,Kracheh,Yes,40,0.105817329,0.000211543,M5_40_9.58,26,M5_40_9.58,26,4620,0.000356481,28026.70685
M4,20,M4_20,10,Krâchéh,Kracheh,Yes,40,0.125461624,0.000809261,M4_20_9.58,76,M4_20_9.58,79,281,2.16821E-05,2196.920868
M4,10,M4_10,10,Krâchéh,Kracheh,Yes,40,0.125461624,0.000809261,M4_10_9.58,77,M4_10_9.58,80,281,2.16821E-05,2196.920868
M4,5,M4_5,10,Krâchéh,Kracheh,Yes,40,0.125461624,0.000809261,M4_5_9.58,107,M4_5_9.58,110,245,1.89043E-05,1915.54098
M4,2,M4_2,10,Krâchéh,Kracheh,Yes,40,0.125461624,0.000809261,M4_2_9.58,128,M4_2_9.58,131,91,7.0216E-06,711.4866497
M5,20,M5_20,10,Krâchéh,Kracheh,Yes,40,0.125461624,0.000809261,M5_20_9.58,25,M5_20_9.58,25,4458,0.000343981,26760.1916
M4,40,M4_40,10,Krâchéh,Kracheh,Yes,40,0.125461624,0.000809261,M4_40_9.58,78,M4_40_9.58,81,281,2.16821E-05,2196.920868
M5,40,M5_40,10,Krâchéh,Kracheh,Yes,40,0.125461624,0.000809261,M5_40_9.58,26,M5_40_9.58,26,4620,0.000356481,28026.70685
M5,20,M5_20,27,Krâchéh,Preaek Prasab, ,0.43,0.194903939,0.002251358,M5_20_0.43,27,M5_20_0.43,27,1627,0.00012554,9502.007903
M5,40,M5_40,27,Krâchéh,Preaek Prasab, ,0.43,0.194903939,0.002251358,M5_40_0.43,28,M5_40_0.43,28,1727,0.000133256,10119.49363
M5,10,M5_10,21,Krâchéh,Preaek Prasab, ,0.43,0.184998482,0.001765304,M5_10_0.43,51,M5_10_0.43,51,959,7.39969E-05,5377.203272
M5,20,M5_20,21,Krâchéh,Preaek Prasab, ,0.43,0.184998482,0.001765304,M5_20_0.43,27,M5_20_0.43,27,1627,0.00012554,9502.007903
M5,40,M5_40,21,Krâchéh,Preaek Prasab, ,0.43,0.184998482,0.001765304,M5_40_0.43,28,M5_40_0.43,28,1727,0.000133256,10119.49363
M4,20,M4_20,2,Krâchéh,Preaek Prasab, ,0.43,0.058171727,0.000127321,M4_20_0.43,79,M4_20_0.43,82,233,1.79784E-05,1438.741735
M4,10,M4_10,2,Krâchéh,Preaek Prasab, ,0.43,0.058171727,0.000127321,M4_10_0.43,80,M4_10_0.43,83,233,1.79784E-05,1438.741735
M4,40,M4_40,2,Krâchéh,Preaek Prasab, ,0.43,0.058171727,0.000127321,M4_40_0.43,81,M4_40_0.43,84,233,1.79784E-05,1438.741735
M5,40,M5_40,2,Krâchéh,Preaek Prasab, ,0.43,0.058171727,0.000127321,M5_40_0.43,28,M5_40_0.43,28,1727,0.000133256,10119.49363
M5,10,M5_10,10,Krâchéh,Preaek Prasab, ,0.43,0.150341429,0.000790345,M5_10_0.43,51,M5_10_0.43,51,959,7.39969E-05,5377.203272
M5,20,M5_20,10,Krâchéh,Preaek Prasab, ,0.43,0.150341429,0.000790345,M5_20_0.43,27,M5_20_0.43,27,1627,0.00012554,9502.007903
M5,5,M5_5,10,Krâchéh,Preaek Prasab, ,0.43,0.150341429,0.000790345,M5_5_0.43,84,M5_5_0.43,87,388,2.99383E-05,2057.286742
M5,40,M5_40,10,Krâchéh,Preaek Prasab, ,0.43,0.150341429,0.000790345,M5_40_0.43,28,M5_40_0.43,28,1727,0.000133256,10119.49363
M4,20,M4_20,9,Krâchéh,Preaek Prasab, ,0.43,0.121868105,0.000745554,M4_20_0.43,79,M4_20_0.43,82,233,1.79784E-05,1438.741735
M4,10,M4_10,9,Krâchéh,Preaek Prasab, ,0.43,0.121868105,0.000745554,M4_10_0.43,80,M4_10_0.43,83,233,1.79784E-05,1438.741735
M4,5,M4_5,9,Krâchéh,Preaek Prasab, ,0.43,0.121868105,0.000745554,M4_5_0.43,108,M4_5_0.43,111,233,1.79784E-05,1438.741735
M4,40,M4_40,9,Krâchéh,Preaek Prasab, ,0.43,0.121868105,0.000745554,M4_40_0.43,81,M4_40_0.43,84,233,1.79784E-05,1438.741735
M5,40,M5_40,9,Krâchéh,Preaek Prasab, ,0.43,0.121868105,0.000745554,M5_40_0.43,28,M5_40_0.43,28,1727,0.000133256,10119.49363
M5,10,M5_10,7,Krâchéh,Preaek Prasab, ,0.43,0.104319815,0.000582654,M5_10_0.43,51,M5_10_0.43,51,959,7.39969E-05,5377.203272
M5,20,M5_20,7,Krâchéh,Preaek Prasab, ,0.43,0.104319815,0.000582654,M5_20_0.43,27,M5_20_0.43,27,1627,0.00012554,9502.007903
M5,2,M5_2,7,Krâchéh,Preaek Prasab, ,0.43,0.104319815,0.000582654,M5_2_0.43,111,M5_2_0.43,114,160,1.23457E-05,848.3656666
M5,5,M5_5,7,Krâchéh,Preaek Prasab, ,0.43,0.104319815,0.000582654,M5_5_0.43,84,M5_5_0.43,87,388,2.99383E-05,2057.286742
M5,40,M5_40,7,Krâchéh,Preaek Prasab, ,0.43,0.104319815,0.000582654,M5_40_0.43,28,M5_40_0.43,28,1727,0.000133256,10119.49363
M4,20,M4_20,2,Krâchéh,Preaek Prasab, ,0.43,0.086765504,0.000204427,M4_20_0.43,79,M4_20_0.43,82,233,1.79784E-05,1438.741735
M4,10,M4_10,2,Krâchéh,Preaek Prasab, ,0.43,0.086765504,0.000204427,M4_10_0.43,80,M4_10_0.43,83,233,1.79784E-05,1438.741735
M4,5,M4_5,2,Krâchéh,Preaek Prasab, ,0.43,0.086765504,0.000204427,M4_5_0.43,108,M4_5_0.43,111,233,1.79784E-05,1438.741735
M5,20,M5_20,2,Krâchéh,Preaek Prasab, ,0.43,0.086765504,0.000204427,M5_20_0.43,27,M5_20_0.43,27,1627,0.00012554,9502.007903
M4,40,M4_40,2,Krâchéh,Preaek Prasab, ,0.43,0.086765504,0.000204427,M4_40_0.43,81,M4_40_0.43,84,233,1.79784E-05,1438.741735
M5,40,M5_40,2,Krâchéh,Preaek Prasab, ,0.43,0.086765504,0.000204427,M5_40_0.43,28,M5_40_0.43,28,1727,0.000133256,10119.49363
M4,20,M4_20,10,Krâchéh,Preaek Prasab, ,0.43,0.124341734,0.000825427,M4_20_0.43,79,M4_20_0.43,82,233,1.79784E-05,1438.741735
M4,10,M4_10,10,Krâchéh,Preaek Prasab, ,0.43,0.124341734,0.000825427,M4_10_0.43,80,M4_10_0.43,83,233,1.79784E-05,1438.741735
M4,5,M4_5,10,Krâchéh,Preaek Prasab, ,0.43,0.124341734,0.000825427,M4_5_0.43,108,M4_5_0.43,111,233,1.79784E-05,1438.741735
M4,2,M4_2,10,Krâchéh,Preaek Prasab, ,0.43,0.124341734,0.000825427,M4_2_0.43,129,M4_2_0.43,132,106,8.17901E-06,654.5348665
M5,20,M5_20,10,Krâchéh,Preaek Prasab, ,0.43,0.124341734,0.000825427,M5_20_0.43,27,M5_20_0.43,27,1627,0.00012554,9502.007903
M4,40,M4_40,10,Krâchéh,Preaek Prasab, ,0.43,0.124341734,0.000825427,M4_40_0.43,81,M4_40_0.43,84,233,1.79784E-05,1438.741735
M5,40,M5_40,10,Krâchéh,Preaek Prasab, ,0.43,0.124341734,0.000825427,M5_40_0.43,28,M5_40_0.43,28,1727,0.000133256,10119.49363
M3,40,M3_40,149,Krâchéh,Sambour, ,0.04,0.520626975,0.012439283,M3_40_0.04,7,M3_40_0.04,7,1179,9.09722E-05,9251.963015
M4,40,M4_40,56,Krâchéh,Sambour, ,0.04,0.286326052,0.004685366,M4_40_0.04,8,M4_40_0.04,8,3239,0.000249923,23085.10087
M3,20,M3_20,86,Krâchéh,Sambour, ,0.04,0.342703434,0.007179367,M3_20_0.04,23,M3_20_0.04,23,1055,8.14043E-05,7397.581527
M3,40,M3_40,86,Krâchéh,Sambour, ,0.04,0.342703434,0.007179367,M3_40_0.04,7,M3_40_0.04,7,1179,9.09722E-05,9251.963015
M4,20,M4_20,66,Krâchéh,Sambour, ,0.04,0.310499902,0.005463839,M4_20_0.04,24,M4_20_0.04,24,1790,0.000138117,13865.46237
M4,40,M4_40,66,Krâchéh,Sambour, ,0.04,0.310499902,0.005463839,M4_40_0.04,8,M4_40_0.04,8,3239,0.000249923,23085.10087
M4,20,M4_20,21,Krâchéh,Sambour, ,0.04,0.214397908,0.00171719,M4_20_0.04,24,M4_20_0.04,24,1790,0.000138117,13865.46237
M4,40,M4_40,21,Krâchéh,Sambour, ,0.04,0.214397908,0.00171719,M4_40_0.04,8,M4_40_0.04,8,3239,0.000249923,23085.10087
M5,40,M5_40,21,Krâchéh,Sambour, ,0.04,0.214397908,0.00171719,M5_40_0.04,49,M5_40_0.04,49,822,6.34259E-05,6708.420999
M3,20,M3_20,40,Krâchéh,Sambour, ,0.04,0.263940463,0.003345324,M3_20_0.04,23,M3_20_0.04,23,1055,8.14043E-05,7397.581527
M3,10,M3_10,40,Krâchéh,Sambour, ,0.04,0.263940463,0.003345324,M3_10_0.04,75,M3_10_0.04,78,905,6.98302E-05,5796.319894
M3,40,M3_40,40,Krâchéh,Sambour, ,0.04,0.263940463,0.003345324,M3_40_0.04,7,M3_40_0.04,7,1179,9.09722E-05,9251.963015
M4,40,M4_40,40,Krâchéh,Sambour, ,0.04,0.263940463,0.003345324,M4_40_0.04,8,M4_40_0.04,8,3239,0.000249923,23085.10087
M4,20,M4_20,32,Krâchéh,Sambour, ,0.04,0.244777887,0.002690383,M4_20_0.04,24,M4_20_0.04,24,1790,0.000138117,13865.46237
M4,10,M4_10,32,Krâchéh,Sambour, ,0.04,0.244777887,0.002690383,M4_10_0.04,82,M4_10_0.04,85,685,5.28549E-05,5624.455775
M4,40,M4_40,32,Krâchéh,Sambour, ,0.04,0.244777887,0.002690383,M4_40_0.04,8,M4_40_0.04,8,3239,0.000249923,23085.10087
M5,40,M5_40,32,Krâchéh,Sambour, ,0.04,0.244777887,0.002690383,M5_40_0.04,49,M5_40_0.04,49,822,6.34259E-05,6708.420999
M3,20,M3_20,1,Krâchéh,Sambour, ,0.04,0.147194105,4.1713E-05,M3_20_0.04,23,M3_20_0.04,23,1055,8.14043E-05,7397.581527
M3,10,M3_10,1,Krâchéh,Sambour, ,0.04,0.147194105,4.1713E-05,M3_10_0.04,75,M3_10_0.04,78,905,6.98302E-05,5796.319894
M3,5,M3_5,1,Krâchéh,Sambour, ,0.04,0.147194105,4.1713E-05,M3_5_0.04,106,M3_5_0.04,109,636,4.90741E-05,4081.681773
M3,40,M3_40,1,Krâchéh,Sambour, ,0.04,0.147194105,4.1713E-05,M3_40_0.04,7,M3_40_0.04,7,1179,9.09722E-05,9251.963015
M4,40,M4_40,1,Krâchéh,Sambour, ,0.04,0.147194105,4.1713E-05,M4_40_0.04,8,M4_40_0.04,8,3239,0.000249923,23085.10087
M4,20,M4_20,4,Krâchéh,Sambour, ,0.04,0.079106489,0.000301129,M4_20_0.04,24,M4_20_0.04,24,1790,0.000138117,13865.46237
M4,10,M4_10,4,Krâchéh,Sambour, ,0.04,0.079106489,0.000301129,M4_10_0.04,82,M4_10_0.04,85,685,5.28549E-05,5624.455775
M4,5,M4_5,4,Krâchéh,Sambour, ,0.04,0.079106489,0.000301129,M4_5_0.04,109,M4_5_0.04,112,33,2.5463E-06,282.0767022
M4,40,M4_40,4,Krâchéh,Sambour, ,0.04,0.079106489,0.000301129,M4_40_0.04,8,M4_40_0.04,8,3239,0.000249923,23085.10087
M5,40,M5_40,4,Krâchéh,Sambour, ,0.04,0.079106489,0.000301129,M5_40_0.04,49,M5_40_0.04,49,822,6.34259E-05,6708.420999
M3,20,M3_20,27,Krâchéh,Sambour, ,0.04,0.212817775,0.002207199,M3_20_0.04,23,M3_20_0.04,23,1055,8.14043E-05,7397.581527
M3,10,M3_10,27,Krâchéh,Sambour, ,0.04,0.212817775,0.002207199,M3_10_0.04,75,M3_10_0.04,78,905,6.98302E-05,5796.319894
M3,5,M3_5,27,Krâchéh,Sambour, ,0.04,0.212817775,0.002207199,M3_5_0.04,106,M3_5_0.04,109,636,4.90741E-05,4081.681773
M3,5,M3_5,27,Krâchéh,Sambour, ,0.04,0.212817775,0.002207199,M3_5_0.04,106,M3_5_0.04,109,636,4.90741E-05,4081.681773
M3,40,M3_40,27,Krâchéh,Sambour, ,0.04,0.212817775,0.002207199,M3_40_0.04,7,M3_40_0.04,7,1179,9.09722E-05,9251.963015
M4,40,M4_40,27,Krâchéh,Sambour, ,0.04,0.212817775,0.002207199,M4_40_0.04,8,M4_40_0.04,8,3239,0.000249923,23085.10087
M3,20,M3_20,15,Krâchéh,Sambour, ,0.04,0.180844758,0.001246629,M3_20_0.04,23,M3_20_0.04,23,1055,8.14043E-05,7397.581527
M3,10,M3_10,15,Krâchéh,Sambour, ,0.04,0.180844758,0.001246629,M3_10_0.04,75,M3_10_0.04,78,905,6.98302E-05,5796.319894
M3,5,M3_5,15,Krâchéh,Sambour, ,0.04,0.180844758,0.001246629,M3_5_0.04,106,M3_5_0.04,109,636,4.90741E-05,4081.681773
M3,5,M3_5,15,Krâchéh,Sambour, ,0.04,0.180844758,0.001246629,M3_5_0.04,106,M3_5_0.04,109,636,4.90741E-05,4081.681773
M3,2,M3_2,15,Krâchéh,Sambour, ,0.04,0.180844758,0.001246629,M3_2_0.04,127,M3_2_0.04,130,231,1.78241E-05,1482.497625
M3,40,M3_40,15,Krâchéh,Sambour, ,0.04,0.180844758,0.001246629,M3_40_0.04,7,M3_40_0.04,7,1179,9.09722E-05,9251.963015
M4,40,M4_40,15,Krâchéh,Sambour, ,0.04,0.180844758,0.001246629,M4_40_0.04,8,M4_40_0.04,8,3239,0.000249923,23085.10087
B1,20,B1_20,1,Phnom Penh,Dangkao, ,92,0.052355799,8.79685E-05,B1_20_36.82,,,,,,
B1,40,B1_40,1,Phnom Penh,Dangkao, ,92,0.052355799,8.79685E-05,B1_40_36.82,,,,,,
M8,40,M8_40,1,Phnom Penh,Dangkao, ,92,0.052355799,8.79685E-05,M8_40_36.82,,,,,,
M8,10,M8_10,1,Phnom Penh,Mean Chey, ,92,0.078308364,7.06453E-05,M8_10_70.62,54,M8_10_70.62,54,5057,0.000390201,65620.52842
M8,20,M8_20,1,Phnom Penh,Mean Chey, ,92,0.078308364,7.06453E-05,M8_20_70.62,55,M8_20_70.62,55,5057,0.000390201,65620.52842
M8,40,M8_40,1,Phnom Penh,Mean Chey, ,92,0.078308364,7.06453E-05,M8_40_70.62,56,M8_40_70.62,56,5057,0.000390201,65620.52842
M8,10,M8_10,7,Phnom Penh,Mean Chey, ,92,0.101963214,0.000538938,M8_10_70.62,54,M8_10_70.62,54,5057,0.000390201,65620.52842
M8,20,M8_20,7,Phnom Penh,Mean Chey, ,92,0.101963214,0.000538938,M8_20_70.62,55,M8_20_70.62,55,5057,0.000390201,65620.52842
M8,5,M8_5,7,Phnom Penh,Mean Chey, ,92,0.101963214,0.000538938,M8_5_70.62,92,M8_5_70.62,95,4075,0.000314429,49878.73383
M8,40,M8_40,7,Phnom Penh,Mean Chey, ,92,0.101963214,0.000538938,M8_40_70.62,56,M8_40_70.62,56,5057,0.000390201,65620.52842
M8,10,M8_10,2,Phnom Penh,Mean Chey, ,92,0.058751985,0.000171141,M8_10_70.62,54,M8_10_70.62,54,5057,0.000390201,65620.52842
M8,20,M8_20,2,Phnom Penh,Mean Chey, ,92,0.058751985,0.000171141,M8_20_70.62,55,M8_20_70.62,55,5057,0.000390201,65620.52842
B1,20,B1_20,2,Phnom Penh,Mean Chey, ,92,0.058751985,0.000171141,B1_20_70.62,140,B1_20_70.62,143,1115,8.6034E-05,11708.07496
B1,10,B1_10,2,Phnom Penh,Mean Chey, ,92,0.058751985,0.000171141,B1_10_70.62,141,B1_10_70.62,144,1115,8.6034E-05,11708.07496
B1,5,B1_5,2,Phnom Penh,Mean Chey, ,92,0.058751985,0.000171141,B1_5_70.62,142,B1_5_70.62,145,1115,8.6034E-05,11708.07496
B1,2,B1_2,2,Phnom Penh,Mean Chey, ,92,0.058751985,0.000171141,B1_2_70.62,143,B1_2_70.62,146,1115,8.6034E-05,11708.07496
B1,40,B1_40,2,Phnom Penh,Mean Chey, ,92,0.058751985,0.000171141,B1_40_70.62,144,B1_40_70.62,147,1115,8.6034E-05,11708.07496
M8,40,M8_40,2,Phnom Penh,Mean Chey, ,92,0.058751985,0.000171141,M8_40_70.62,56,M8_40_70.62,56,5057,0.000390201,65620.52842
M8,10,M8_10,3,Phnom Penh,Mean Chey, ,92,0.076888283,0.00028689,M8_10_70.62,54,M8_10_70.62,54,5057,0.000390201,65620.52842
M8,20,M8_20,3,Phnom Penh,Mean Chey, ,92,0.076888283,0.00028689,M8_20_70.62,55,M8_20_70.62,55,5057,0.000390201,65620.52842
M8,5,M8_5,3,Phnom Penh,Mean Chey, ,92,0.076888283,0.00028689,M8_5_70.62,92,M8_5_70.62,95,4075,0.000314429,49878.73383
B1,20,B1_20,3,Phnom Penh,Mean Chey, ,92,0.076888283,0.00028689,B1_20_70.62,140,B1_20_70.62,143,1115,8.6034E-05,11708.07496
B1,10,B1_10,3,Phnom Penh,Mean Chey, ,92,0.076888283,0.00028689,B1_10_70.62,141,B1_10_70.62,144,1115,8.6034E-05,11708.07496
B1,5,B1_5,3,Phnom Penh,Mean Chey, ,92,0.076888283,0.00028689,B1_5_70.62,142,B1_5_70.62,145,1115,8.6034E-05,11708.07496
B1,2,B1_2,3,Phnom Penh,Mean Chey, ,92,0.076888283,0.00028689,B1_2_70.62,143,B1_2_70.62,146,1115,8.6034E-05,11708.07496
B1,40,B1_40,3,Phnom Penh,Mean Chey, ,92,0.076888283,0.00028689,B1_40_70.62,144,B1_40_70.62,147,1115,8.6034E-05,11708.07496
M8,40,M8_40,3,Phnom Penh,Mean Chey, ,92,0.076888283,0.00028689,M8_40_70.62,56,M8_40_70.62,56,5057,0.000390201,65620.52842
M8,10,M8_10,2,Phnom Penh,Phnom Penh, ,92,0.067129331,0.000198459,M8_10_100.0,57,M8_10_100.0,57,10756,0.000829938,309400.1633
M8,20,M8_20,2,Phnom Penh,Phnom Penh, ,92,0.067129331,0.000198459,M8_20_100.0,58,M8_20_100.0,58,10756,0.000829938,309400.1633
M8,40,M8_40,2,Phnom Penh,Phnom Penh, ,92,0.067129331,0.000198459,M8_40_100.0,59,M8_40_100.0,59,10756,0.000829938,309400.1633
M8,10,M8_10,1,Phnom Penh,Phnom Penh, ,92,0.0454163,5.34543E-05,M8_10_100.0,57,M8_10_100.0,57,10756,0.000829938,309400.1633
M8,20,M8_20,1,Phnom Penh,Phnom Penh, ,92,0.0454163,5.34543E-05,M8_20_100.0,58,M8_20_100.0,58,10756,0.000829938,309400.1633
B1,20,B1_20,1,Phnom Penh,Phnom Penh, ,92,0.0454163,5.34543E-05,B1_20_100.0,134,B1_20_100.0,137,9084,0.000700926,270697.953
B1,10,B1_10,1,Phnom Penh,Phnom Penh, ,92,0.0454163,5.34543E-05,B1_10_100.0,135,B1_10_100.0,138,9084,0.000700926,270697.953
B1,5,B1_5,1,Phnom Penh,Phnom Penh, ,92,0.0454163,5.34543E-05,B1_5_100.0,136,B1_5_100.0,139,8426,0.000650154,253729.848
B1,40,B1_40,1,Phnom Penh,Phnom Penh, ,92,0.0454163,5.34543E-05,B1_40_100.0,137,B1_40_100.0,140,9084,0.000700926,270697.953
M8,40,M8_40,1,Phnom Penh,Phnom Penh, ,92,0.0454163,5.34543E-05,M8_40_100.0,59,M8_40_100.0,59,10756,0.000829938,309400.1633
M8,10,M8_10,6,Phnom Penh,Phnom Penh, ,92,0.091919258,0.000524161,M8_10_100.0,57,M8_10_100.0,57,10756,0.000829938,309400.1633
M8,20,M8_20,6,Phnom Penh,Phnom Penh, ,92,0.091919258,0.000524161,M8_20_100.0,58,M8_20_100.0,58,10756,0.000829938,309400.1633
B1,20,B1_20,6,Phnom Penh,Phnom Penh, ,92,0.091919258,0.000524161,B1_20_100.0,134,B1_20_100.0,137,9084,0.000700926,270697.953
B1,10,B1_10,6,Phnom Penh,Phnom Penh, ,92,0.091919258,0.000524161,B1_10_100.0,135,B1_10_100.0,138,9084,0.000700926,270697.953
B1,5,B1_5,6,Phnom Penh,Phnom Penh, ,92,0.091919258,0.000524161,B1_5_100.0,136,B1_5_100.0,139,8426,0.000650154,253729.848
B1,2,B1_2,6,Phnom Penh,Phnom Penh, ,92,0.091919258,0.000524161,B1_2_100.0,145,B1_2_100.0,148,4934,0.00038071,141822.2646
B1,40,B1_40,6,Phnom Penh,Phnom Penh, ,92,0.091919258,0.000524161,B1_40_100.0,137,B1_40_100.0,140,9084,0.000700926,270697.953
M8,40,M8_40,6,Phnom Penh,Phnom Penh, ,92,0.091919258,0.000524161,M8_40_100.0,59,M8_40_100.0,59,10756,0.000829938,309400.1633
M7,20,M7_20,1,Phnom Penh,Phnom Penh, ,92,0.095460666,9.69312E-05,M7_20_100.0,153,M7_20_100.0,156,4522,0.00034892,134764.0138
M7,10,M7_10,1,Phnom Penh,Phnom Penh, ,92,0.095460666,9.69312E-05,M7_10_100.0,154,M7_10_100.0,157,4522,0.00034892,134764.0138
M7,5,M7_5,1,Phnom Penh,Phnom Penh, ,92,0.095460666,9.69312E-05,M7_5_100.0,155,M7_5_100.0,158,4522,0.00034892,134764.0138
M8,10,M8_10,1,Phnom Penh,Phnom Penh, ,92,0.095460666,9.69312E-05,M8_10_100.0,57,M8_10_100.0,57,10756,0.000829938,309400.1633
M8,20,M8_20,1,Phnom Penh,Phnom Penh, ,92,0.095460666,9.69312E-05,M8_20_100.0,58,M8_20_100.0,58,10756,0.000829938,309400.1633
B1,20,B1_20,1,Phnom Penh,Phnom Penh, ,92,0.095460666,9.69312E-05,B1_20_100.0,134,B1_20_100.0,137,9084,0.000700926,270697.953
B1,10,B1_10,1,Phnom Penh,Phnom Penh, ,92,0.095460666,9.69312E-05,B1_10_100.0,135,B1_10_100.0,138,9084,0.000700926,270697.953
M7,40,M7_40,1,Phnom Penh,Phnom Penh, ,92,0.095460666,9.69312E-05,M7_40_100.0,156,M7_40_100.0,159,4522,0.00034892,134764.0138
B1,40,B1_40,1,Phnom Penh,Phnom Penh, ,92,0.095460666,9.69312E-05,B1_40_100.0,137,B1_40_100.0,140,9084,0.000700926,270697.953
M8,40,M8_40,1,Phnom Penh,Phnom Penh, ,92,0.095460666,9.69312E-05,M8_40_100.0,59,M8_40_100.0,59,10756,0.000829938,309400.1633
M7,20,M7_20,6,Phnom Penh,Phnom Penh, ,92,0.096676917,0.000468804,M7_20_100.0,153,M7_20_100.0,156,4522,0.00034892,134764.0138
M7,10,M7_10,6,Phnom Penh,Phnom Penh, ,92,0.096676917,0.000468804,M7_10_100.0,154,M7_10_100.0,157,4522,0.00034892,134764.0138
M7,2,M7_2,6,Phnom Penh,Phnom Penh, ,92,0.096676917,0.000468804,M7_2_100.0,158,M7_2_100.0,161,3864,0.000298148,117795.9088
M7,5,M7_5,6,Phnom Penh,Phnom Penh, ,92,0.096676917,0.000468804,M7_5_100.0,155,M7_5_100.0,158,4522,0.00034892,134764.0138
M8,10,M8_10,6,Phnom Penh,Phnom Penh, ,92,0.096676917,0.000468804,M8_10_100.0,57,M8_10_100.0,57,10756,0.000829938,309400.1633
M8,20,M8_20,6,Phnom Penh,Phnom Penh, ,92,0.096676917,0.000468804,M8_20_100.0,58,M8_20_100.0,58,10756,0.000829938,309400.1633
B1,20,B1_20,6,Phnom Penh,Phnom Penh, ,92,0.096676917,0.000468804,B1_20_100.0,134,B1_20_100.0,137,9084,0.000700926,270697.953
B1,10,B1_10,6,Phnom Penh,Phnom Penh, ,92,0.096676917,0.000468804,B1_10_100.0,135,B1_10_100.0,138,9084,0.000700926,270697.953
B1,5,B1_5,6,Phnom Penh,Phnom Penh, ,92,0.096676917,0.000468804,B1_5_100.0,136,B1_5_100.0,139,8426,0.000650154,253729.848
M7,40,M7_40,6,Phnom Penh,Phnom Penh, ,92,0.096676917,0.000468804,M7_40_100.0,156,M7_40_100.0,159,4522,0.00034892,134764.0138
B1,40,B1_40,6,Phnom Penh,Phnom Penh, ,92,0.096676917,0.000468804,B1_40_100.0,137,B1_40_100.0,140,9084,0.000700926,270697.953
M8,40,M8_40,6,Phnom Penh,Phnom Penh, ,92,0.096676917,0.000468804,M8_40_100.0,59,M8_40_100.0,59,10756,0.000829938,309400.1633
M7,20,M7_20,1,Phnom Penh,Phnom Penh, ,92,0.037134105,5.43434E-05,M7_20_100.0,153,M7_20_100.0,156,4522,0.00034892,134764.0138
M7,10,M7_10,1,Phnom Penh,Phnom Penh, ,92,0.037134105,5.43434E-05,M7_10_100.0,154,M7_10_100.0,157,4522,0.00034892,134764.0138
M7,2,M7_2,1,Phnom Penh,Phnom Penh, ,92,0.037134105,5.43434E-05,M7_2_100.0,158,M7_2_100.0,161,3864,0.000298148,117795.9088
M7,5,M7_5,1,Phnom Penh,Phnom Penh, ,92,0.037134105,5.43434E-05,M7_5_100.0,155,M7_5_100.0,158,4522,0.00034892,134764.0138
M8,10,M8_10,1,Phnom Penh,Phnom Penh, ,92,0.037134105,5.43434E-05,M8_10_100.0,57,M8_10_100.0,57,10756,0.000829938,309400.1633
M8,20,M8_20,1,Phnom Penh,Phnom Penh, ,92,0.037134105,5.43434E-05,M8_20_100.0,58,M8_20_100.0,58,10756,0.000829938,309400.1633
B1,20,B1_20,1,Phnom Penh,Phnom Penh, ,92,0.037134105,5.43434E-05,B1_20_100.0,134,B1_20_100.0,137,9084,0.000700926,270697.953
B1,10,B1_10,1,Phnom Penh,Phnom Penh, ,92,0.037134105,5.43434E-05,B1_10_100.0,135,B1_10_100.0,138,9084,0.000700926,270697.953
B1,5,B1_5,1,Phnom Penh,Phnom Penh, ,92,0.037134105,5.43434E-05,B1_5_100.0,136,B1_5_100.0,139,8426,0.000650154,253729.848
B1,2,B1_2,1,Phnom Penh,Phnom Penh, ,92,0.037134105,5.43434E-05,B1_2_100.0,145,B1_2_100.0,148,4934,0.00038071,141822.2646
M7,40,M7_40,1,Phnom Penh,Phnom Penh, ,92,0.037134105,5.43434E-05,M7_40_100.0,156,M7_40_100.0,159,4522,0.00034892,134764.0138
B1,40,B1_40,1,Phnom Penh,Phnom Penh, ,92,0.037134105,5.43434E-05,B1_40_100.0,137,B1_40_100.0,140,9084,0.000700926,270697.953
M8,40,M8_40,1,Phnom Penh,Phnom Penh, ,92,0.037134105,5.43434E-05,M8_40_100.0,59,M8_40_100.0,59,10756,0.000829938,309400.1633
B1,20,B1_20,3,Phnom Penh,Ruessei Kaev, ,92,0.110911193,0.000207766,B1_20_71.79,62,B1_20_71.79,65,20589,0.001588657,273950.0868
B1,40,B1_40,3,Phnom Penh,Ruessei Kaev, ,92,0.110911193,0.000207766,B1_40_71.79,63,B1_40_71.79,66,20589,0.001588657,273950.0868
M8,40,M8_40,3,Phnom Penh,Ruessei Kaev, ,92,0.110911193,0.000207766,M8_40_71.79,64,M8_40_71.79,67,20589,0.001588657,273950.0868
M8,20,M8_20,21,Phnom Penh,Ruessei Kaev, ,92,0.185957854,0.001707459,M8_20_71.79,93,M8_20_71.79,96,20282,0.001564969,272525.1431
B1,20,B1_20,21,Phnom Penh,Ruessei Kaev, ,92,0.185957854,0.001707459,B1_20_71.79,62,B1_20_71.79,65,20589,0.001588657,273950.0868
B1,40,B1_40,21,Phnom Penh,Ruessei Kaev, ,92,0.185957854,0.001707459,B1_40_71.79,63,B1_40_71.79,66,20589,0.001588657,273950.0868
M8,40,M8_40,21,Phnom Penh,Ruessei Kaev, ,92,0.185957854,0.001707459,M8_40_71.79,64,M8_40_71.79,67,20589,0.001588657,273950.0868
M8,20,M8_20,4,Phnom Penh,Ruessei Kaev, ,92,0.087279229,0.000366477,M8_20_71.79,93,M8_20_71.79,96,20282,0.001564969,272525.1431
B1,20,B1_20,4,Phnom Penh,Ruessei Kaev, ,92,0.087279229,0.000366477,B1_20_71.79,62,B1_20_71.79,65,20589,0.001588657,273950.0868
B1,10,B1_10,4,Phnom Penh,Ruessei Kaev, ,92,0.087279229,0.000366477,B1_10_71.79,119,B1_10_71.79,122,11449,0.00088341,176244.9093
B1,40,B1_40,4,Phnom Penh,Ruessei Kaev, ,92,0.087279229,0.000366477,B1_40_71.79,63,B1_40_71.79,66,20589,0.001588657,273950.0868
M8,40,M8_40,4,Phnom Penh,Ruessei Kaev, ,92,0.087279229,0.000366477,M8_40_71.79,64,M8_40_71.79,67,20589,0.001588657,273950.0868
M7,20,M7_20,5,Phnom Penh,Ruessei Kaev, ,92,0.194010243,0.000408271,M7_20_71.79,125,M7_20_71.79,128,14017,0.001081559,191542.2953
M8,20,M8_20,5,Phnom Penh,Ruessei Kaev, ,92,0.194010243,0.000408271,M8_20_71.79,93,M8_20_71.79,96,20282,0.001564969,272525.1431
B1,20,B1_20,5,Phnom Penh,Ruessei Kaev, ,92,0.194010243,0.000408271,B1_20_71.79,62,B1_20_71.79,65,20589,0.001588657,273950.0868
M7,40,M7_40,5,Phnom Penh,Ruessei Kaev, ,92,0.194010243,0.000408271,M7_40_71.79,126,M7_40_71.79,129,14017,0.001081559,191542.2953
B1,40,B1_40,5,Phnom Penh,Ruessei Kaev, ,92,0.194010243,0.000408271,B1_40_71.79,63,B1_40_71.79,66,20589,0.001588657,273950.0868
M8,40,M8_40,5,Phnom Penh,Ruessei Kaev, ,92,0.194010243,0.000408271,M8_40_71.79,64,M8_40_71.79,67,20589,0.001588657,273950.0868
M7,20,M7_20,16,Phnom Penh,Ruessei Kaev, ,92,0.15216149,0.001331313,M7_20_71.79,125,M7_20_71.79,128,14017,0.001081559,191542.2953
M7,10,M7_10,16,Phnom Penh,Ruessei Kaev, ,92,0.15216149,0.001331313,M7_10_71.79,131,M7_10_71.79,134,13527,0.00104375,187721.1413
M8,20,M8_20,16,Phnom Penh,Ruessei Kaev, ,92,0.15216149,0.001331313,M8_20_71.79,93,M8_20_71.79,96,20282,0.001564969,272525.1431
B1,20,B1_20,16,Phnom Penh,Ruessei Kaev, ,92,0.15216149,0.001331313,B1_20_71.79,62,B1_20_71.79,65,20589,0.001588657,273950.0868
M7,40,M7_40,16,Phnom Penh,Ruessei Kaev, ,92,0.15216149,0.001331313,M7_40_71.79,126,M7_40_71.79,129,14017,0.001081559,191542.2953
B1,40,B1_40,16,Phnom Penh,Ruessei Kaev, ,92,0.15216149,0.001331313,B1_40_71.79,63,B1_40_71.79,66,20589,0.001588657,273950.0868
M8,40,M8_40,16,Phnom Penh,Ruessei Kaev, ,92,0.15216149,0.001331313,M8_40_71.79,64,M8_40_71.79,67,20589,0.001588657,273950.0868
M8,10,M8_10,1,Phnom Penh,Ruessei Kaev, ,92,0.035536933,6.67239E-05,M8_10_71.79,138,M8_10_71.79,141,3666,0.00028287,104346.9022
M8,20,M8_20,1,Phnom Penh,Ruessei Kaev, ,92,0.035536933,6.67239E-05,M8_20_71.79,93,M8_20_71.79,96,20282,0.001564969,272525.1431
B1,20,B1_20,1,Phnom Penh,Ruessei Kaev, ,92,0.035536933,6.67239E-05,B1_20_71.79,62,B1_20_71.79,65,20589,0.001588657,273950.0868
B1,10,B1_10,1,Phnom Penh,Ruessei Kaev, ,92,0.035536933,6.67239E-05,B1_10_71.79,119,B1_10_71.79,122,11449,0.00088341,176244.9093
B1,5,B1_5,1,Phnom Penh,Ruessei Kaev, ,92,0.035536933,6.67239E-05,B1_5_71.79,139,B1_5_71.79,142,887,6.84414E-05,8295.974606
B1,40,B1_40,1,Phnom Penh,Ruessei Kaev, ,92,0.035536933,6.67239E-05,B1_40_71.79,63,B1_40_71.79,66,20589,0.001588657,273950.0868
M8,40,M8_40,1,Phnom Penh,Ruessei Kaev, ,92,0.035536933,6.67239E-05,M8_40_71.79,64,M8_40_71.79,67,20589,0.001588657,273950.0868
M7,20,M7_20,5,Phnom Penh,Ruessei Kaev, ,92,0.108488803,0.000446636,M7_20_71.79,125,M7_20_71.79,128,14017,0.001081559,191542.2953
M7,10,M7_10,5,Phnom Penh,Ruessei Kaev, ,92,0.108488803,0.000446636,M7_10_71.79,131,M7_10_71.79,134,13527,0.00104375,187721.1413
M8,20,M8_20,5,Phnom Penh,Ruessei Kaev, ,92,0.108488803,0.000446636,M8_20_71.79,93,M8_20_71.79,96,20282,0.001564969,272525.1431
B1,20,B1_20,5,Phnom Penh,Ruessei Kaev, ,92,0.108488803,0.000446636,B1_20_71.79,62,B1_20_71.79,65,20589,0.001588657,273950.0868
B1,10,B1_10,5,Phnom Penh,Ruessei Kaev, ,92,0.108488803,0.000446636,B1_10_71.79,119,B1_10_71.79,122,11449,0.00088341,176244.9093
M7,40,M7_40,5,Phnom Penh,Ruessei Kaev, ,92,0.108488803,0.000446636,M7_40_71.79,126,M7_40_71.79,129,14017,0.001081559,191542.2953
B1,40,B1_40,5,Phnom Penh,Ruessei Kaev, ,92,0.108488803,0.000446636,B1_40_71.79,63,B1_40_71.79,66,20589,0.001588657,273950.0868
M8,40,M8_40,5,Phnom Penh,Ruessei Kaev, ,92,0.108488803,0.000446636,M8_40_71.79,64,M8_40_71.79,67,20589,0.001588657,273950.0868
M7,20,M7_20,10,Phnom Penh,Ruessei Kaev, ,92,0.130523722,0.000852398,M7_20_71.79,125,M7_20_71.79,128,14017,0.001081559,191542.2953
M7,10,M7_10,10,Phnom Penh,Ruessei Kaev, ,92,0.130523722,0.000852398,M7_10_71.79,131,M7_10_71.79,134,13527,0.00104375,187721.1413
M7,5,M7_5,10,Phnom Penh,Ruessei Kaev, ,92,0.130523722,0.000852398,M7_5_71.79,147,M7_5_71.79,150,8378,0.000646451,148622.5797
M8,20,M8_20,10,Phnom Penh,Ruessei Kaev, ,92,0.130523722,0.000852398,M8_20_71.79,93,M8_20_71.79,96,20282,0.001564969,272525.1431
B1,20,B1_20,10,Phnom Penh,Ruessei Kaev, ,92,0.130523722,0.000852398,B1_20_71.79,62,B1_20_71.79,65,20589,0.001588657,273950.0868
B1,10,B1_10,10,Phnom Penh,Ruessei Kaev, ,92,0.130523722,0.000852398,B1_10_71.79,119,B1_10_71.79,122,11449,0.00088341,176244.9093
M7,40,M7_40,10,Phnom Penh,Ruessei Kaev, ,92,0.130523722,0.000852398,M7_40_71.79,126,M7_40_71.79,129,14017,0.001081559,191542.2953
B1,40,B1_40,10,Phnom Penh,Ruessei Kaev, ,92,0.130523722,0.000852398,B1_40_71.79,63,B1_40_71.79,66,20589,0.001588657,273950.0868
M8,40,M8_40,10,Phnom Penh,Ruessei Kaev, ,92,0.130523722,0.000852398,M8_40_71.79,64,M8_40_71.79,67,20589,0.001588657,273950.0868
M7,20,M7_20,5,Phnom Penh,Ruessei Kaev, ,92,0.115701369,0.000432756,M7_20_71.79,125,M7_20_71.79,128,14017,0.001081559,191542.2953
M7,10,M7_10,5,Phnom Penh,Ruessei Kaev, ,92,0.115701369,0.000432756,M7_10_71.79,131,M7_10_71.79,134,13527,0.00104375,187721.1413
M7,5,M7_5,5,Phnom Penh,Ruessei Kaev, ,92,0.115701369,0.000432756,M7_5_71.79,147,M7_5_71.79,150,8378,0.000646451,148622.5797
M8,10,M8_10,5,Phnom Penh,Ruessei Kaev, ,92,0.115701369,0.000432756,M8_10_71.79,138,M8_10_71.79,141,3666,0.00028287,104346.9022
M8,20,M8_20,5,Phnom Penh,Ruessei Kaev, ,92,0.115701369,0.000432756,M8_20_71.79,93,M8_20_71.79,96,20282,0.001564969,272525.1431
B1,20,B1_20,5,Phnom Penh,Ruessei Kaev, ,92,0.115701369,0.000432756,B1_20_71.79,62,B1_20_71.79,65,20589,0.001588657,273950.0868
B1,10,B1_10,5,Phnom Penh,Ruessei Kaev, ,92,0.115701369,0.000432756,B1_10_71.79,119,B1_10_71.79,122,11449,0.00088341,176244.9093
M7,40,M7_40,5,Phnom Penh,Ruessei Kaev, ,92,0.115701369,0.000432756,M7_40_71.79,126,M7_40_71.79,129,14017,0.001081559,191542.2953
B1,40,B1_40,5,Phnom Penh,Ruessei Kaev, ,92,0.115701369,0.000432756,B1_40_71.79,63,B1_40_71.79,66,20589,0.001588657,273950.0868
M8,40,M8_40,5,Phnom Penh,Ruessei Kaev, ,92,0.115701369,0.000432756,M8_40_71.79,64,M8_40_71.79,67,20589,0.001588657,273950.0868
M7,20,M7_20,4,Phnom Penh,Ruessei Kaev, ,92,0.072583178,0.000315928,M7_20_71.79,125,M7_20_71.79,128,14017,0.001081559,191542.2953
M7,10,M7_10,4,Phnom Penh,Ruessei Kaev, ,92,0.072583178,0.000315928,M7_10_71.79,131,M7_10_71.79,134,13527,0.00104375,187721.1413
M7,2,M7_2,4,Phnom Penh,Ruessei Kaev, ,92,0.072583178,0.000315928,M7_2_71.79,159,M7_2_71.79,162,886,6.83642E-05,8286.641255
M7,5,M7_5,4,Phnom Penh,Ruessei Kaev, ,92,0.072583178,0.000315928,M7_5_71.79,147,M7_5_71.79,150,8378,0.000646451,148622.5797
M8,10,M8_10,4,Phnom Penh,Ruessei Kaev, ,92,0.072583178,0.000315928,M8_10_71.79,138,M8_10_71.79,141,3666,0.00028287,104346.9022
M8,20,M8_20,4,Phnom Penh,Ruessei Kaev, ,92,0.072583178,0.000315928,M8_20_71.79,93,M8_20_71.79,96,20282,0.001564969,272525.1431
B1,20,B1_20,4,Phnom Penh,Ruessei Kaev, ,92,0.072583178,0.000315928,B1_20_71.79,62,B1_20_71.79,65,20589,0.001588657,273950.0868
B1,10,B1_10,4,Phnom Penh,Ruessei Kaev, ,92,0.072583178,0.000315928,B1_10_71.79,119,B1_10_71.79,122,11449,0.00088341,176244.9093
B1,5,B1_5,4,Phnom Penh,Ruessei Kaev, ,92,0.072583178,0.000315928,B1_5_71.79,139,B1_5_71.79,142,887,6.84414E-05,8295.974606
M7,40,M7_40,4,Phnom Penh,Ruessei Kaev, ,92,0.072583178,0.000315928,M7_40_71.79,126,M7_40_71.79,129,14017,0.001081559,191542.2953
B1,40,B1_40,4,Phnom Penh,Ruessei Kaev, ,92,0.072583178,0.000315928,B1_40_71.79,63,B1_40_71.79,66,20589,0.001588657,273950.0868
M8,40,M8_40,4,Phnom Penh,Ruessei Kaev, ,92,0.072583178,0.000315928,M8_40_71.79,64,M8_40_71.79,67,20589,0.001588657,273950.0868
M1,40,M1_40,20,Preah Vihéar,Chhaeb,no,0,0.204076109,0.00170667,M1_40_0.0,1,M1_40_0.0,1,12393,0.00095625,70240.18864
M1,20,M1_20,45,Preah Vihéar,Chhaeb,no,0,0.352141391,0.003730443,M1_20_0.0,2,M1_20_0.0,2,3713,0.000286497,29248.97673
M1,40,M1_40,45,Preah Vihéar,Chhaeb,no,0,0.352141391,0.003730443,M1_40_0.0,1,M1_40_0.0,1,12393,0.00095625,70240.18864
M1,20,M1_20,12,Preah Vihéar,Chhaeb,no,0,0.156049283,0.000982269,M1_20_0.0,2,M1_20_0.0,2,3713,0.000286497,29248.97673
M1,10,M1_10,12,Preah Vihéar,Chhaeb,no,0,0.156049283,0.000982269,M1_10_0.0,19,M1_10_0.0,19,898,6.92901E-05,6390.311054
M1,40,M1_40,12,Preah Vihéar,Chhaeb,no,0,0.156049283,0.000982269,M1_40_0.0,1,M1_40_0.0,1,12393,0.00095625,70240.18864
M1,20,M1_20,2,Preah Vihéar,Chhaeb,no,0,0.056021132,0.000171633,M1_20_0.0,2,M1_20_0.0,2,3713,0.000286497,29248.97673
M1,10,M1_10,2,Preah Vihéar,Chhaeb,no,0,0.056021132,0.000171633,M1_10_0.0,19,M1_10_0.0,19,898,6.92901E-05,6390.311054
M1,5,M1_5,2,Preah Vihéar,Chhaeb,no,0,0.056021132,0.000171633,M1_5_0.0,40,M1_5_0.0,40,458,3.53395E-05,2451.500838
M1,40,M1_40,2,Preah Vihéar,Chhaeb,no,0,0.056021132,0.000171633,M1_40_0.0,1,M1_40_0.0,1,12393,0.00095625,70240.18864
M9,40,M9_40,68,Prey Vêng,Peam Chor,no,0,0.373518945,0.005661438,M9_40_0.0,16,M9_40_0.0,16,3496,0.000269753,24871.20465
M9,20,M9_20,35,Prey Vêng,Peam Chor,no,0,0.26105212,0.002857602,M9_20_0.0,33,M9_20_0.0,33,1793,0.000138349,12695.14616
M9,40,M9_40,35,Prey Vêng,Peam Chor,no,0,0.26105212,0.002857602,M9_40_0.0,16,M9_40_0.0,16,3496,0.000269753,24871.20465
M9,20,M9_20,18,Prey Vêng,Peam Chor,no,0,0.179502157,0.001502989,M9_20_0.0,33,M9_20_0.0,33,1793,0.000138349,12695.14616
M9,10,M9_10,18,Prey Vêng,Peam Chor,no,0,0.179502157,0.001502989,M9_10_0.0,66,M9_10_0.0,69,749,5.77932E-05,6935.194125
M9,40,M9_40,18,Prey Vêng,Peam Chor,no,0,0.179502157,0.001502989,M9_40_0.0,16,M9_40_0.0,16,3496,0.000269753,24871.20465
M9,20,M9_20,13,Prey Vêng,Peam Chor,no,0,0.128808891,0.001045224,M9_20_0.0,33,M9_20_0.0,33,1793,0.000138349,12695.14616
M9,10,M9_10,13,Prey Vêng,Peam Chor,no,0,0.128808891,0.001045224,M9_10_0.0,66,M9_10_0.0,69,749,5.77932E-05,6935.194125
M9,5,M9_5,13,Prey Vêng,Peam Chor,no,0,0.128808891,0.001045224,M9_5_0.0,99,M9_5_0.0,102,361,2.78549E-05,3456.146949
M9,40,M9_40,13,Prey Vêng,Peam Chor,no,0,0.128808891,0.001045224,M9_40_0.0,16,M9_40_0.0,16,3496,0.000269753,24871.20465
M9,20,M9_20,7,Prey Vêng,Peam Chor,no,0,0.106048247,0.000577718,M9_20_0.0,33,M9_20_0.0,33,1793,0.000138349,12695.14616
M9,10,M9_10,7,Prey Vêng,Peam Chor,no,0,0.106048247,0.000577718,M9_10_0.0,66,M9_10_0.0,69,749,5.77932E-05,6935.194125
M9,5,M9_5,7,Prey Vêng,Peam Chor,no,0,0.106048247,0.000577718,M9_5_0.0,99,M9_5_0.0,102,361,2.78549E-05,3456.146949
M9,2,M9_2,7,Prey Vêng,Peam Chor,no,0,0.106048247,0.000577718,M9_2_0.0,121,M9_2_0.0,124,104,8.02469E-06,995.6766833
M9,40,M9_40,7,Prey Vêng,Peam Chor,no,0,0.106048247,0.000577718,M9_40_0.0,16,M9_40_0.0,16,3496,0.000269753,24871.20465
M9,40,M9_40,23,Prey Vêng,Peam Ro, ,16,0.1772712,0.001879129,M9_40_9.46,17,M9_40_9.46,17,1860,0.000143519,17470.66613
M9,40,M9_40,1,Prey Vêng,Preah Sdach, ,0.51,0.065188528,4.73642E-05,M9_40_0.51,18,M9_40_0.51,18,11,8.48765E-07,84.54802928
SK1,40,SK_40,150,Stœng Trêng,Sesan,no,0,0.476880297,0.012533655,SK_40_0.0,5,SK_40_0.0,5,323,2.49228E-05,2769.513306
M2,40,M2_40,54,Stœng Trêng,Sesan,no,0,0.259929388,0.004520393,M2_40_0.0,4,M2_40_0.0,4,3606,0.000278241,17393.82962
M2,20,M2_20,54,Stœng Trêng,Sesan,no,0,0.259929388,0.004520393,M2_20_0.0,20,M2_20_0.0,20,2362,0.000182253,11253.15832
M2,40,M2_40,77,Stœng Trêng,Sesan,no,0,0.331621234,0.006444595,M2_40_0.0,4,M2_40_0.0,4,3606,0.000278241,17393.82962
SS1,20,SS1_20,77,Stœng Trêng,Sesan,no,0,0.331621234,0.006444595,SS1_20_0.0,22,SS1_20_0.0,22,811,6.25772E-05,1489.766034
M2,40,M2_40,45,Stœng Trêng,Sesan,no,0,0.259827259,0.003760348,M2_40_0.0,4,M2_40_0.0,4,3606,0.000278241,17393.82962
SS1,10,SS1_10,45,Stœng Trêng,Sesan,no,0,0.259827259,0.003760348,SS1_10_0.0,41,SS1_10_0.0,41,394,3.04012E-05,830.4783846
SS1,20,SS1_20,45,Stœng Trêng,Sesan,no,0,0.259827259,0.003760348,SS1_20_0.0,22,SS1_20_0.0,22,811,6.25772E-05,1489.766034
M2,40,M2_40,62,Stœng Trêng,Sesan,no,0,0.326125819,0.00519174,M2_40_0.0,4,M2_40_0.0,4,3606,0.000278241,17393.82962
SK1,20,SK1_20,62,Stœng Trêng,Sesan,no,0,0.326125819,0.00519174,SK1_20_0.0,47,SK1_20_0.0,47,147,1.13426E-05,1259.677265
SK1,40,SK_40,62,Stœng Trêng,Sesan,no,0,0.326125819,0.00519174,SK_40_0.0,5,SK_40_0.0,5,323,2.49228E-05,2769.513306
SK1,10,SK1_10,30,Stœng Trêng,Sesan,no,0,0.197852581,0.002513707,SK1_10_0.0,69,SK1_10_0.0,72,128,9.87654E-06,1095.147013
M2,40,M2_40,30,Stœng Trêng,Sesan,no,0,0.197852581,0.002513707,M2_40_0.0,4,M2_40_0.0,4,3606,0.000278241,17393.82962
SK1,20,SK1_20,30,Stœng Trêng,Sesan,no,0,0.197852581,0.002513707,SK1_20_0.0,47,SK1_20_0.0,47,147,1.13426E-05,1259.677265
SK1,40,SK_40,30,Stœng Trêng,Sesan,no,0,0.197852581,0.002513707,SK_40_0.0,5,SK_40_0.0,5,323,2.49228E-05,2769.513306
M2,40,M2_40,20,Stœng Trêng,Sesan,no,0,0.194798192,0.001697948,M2_40_0.0,4,M2_40_0.0,4,3606,0.000278241,17393.82962
SS1,10,SS1_10,20,Stœng Trêng,Sesan,no,0,0.194798192,0.001697948,SS1_10_0.0,41,SS1_10_0.0,41,394,3.04012E-05,830.4783846
SS1,5,SS1_5,20,Stœng Trêng,Sesan,no,0,0.194798192,0.001697948,SS1_5_0.0,71,SS1_5_0.0,74,156,1.2037E-05,451.5382846
SS1,20,SS1_20,20,Stœng Trêng,Sesan,no,0,0.194798192,0.001697948,SS1_20_0.0,22,SS1_20_0.0,22,811,6.25772E-05,1489.766034
SK1,10,SK1_10,10,Stœng Trêng,Sesan,no,0,0.132113901,0.000805877,SK1_10_0.0,69,SK1_10_0.0,72,128,9.87654E-06,1095.147013
SK1,5,SK1_5,10,Stœng Trêng,Sesan,no,0,0.132113901,0.000805877,SK1_5_0.0,101,SK1_5_0.0,104,119,9.1821E-06,1026.056509
M2,40,M2_40,10,Stœng Trêng,Sesan,no,0,0.132113901,0.000805877,M2_40_0.0,4,M2_40_0.0,4,3606,0.000278241,17393.82962
SK1,20,SK1_20,10,Stœng Trêng,Sesan,no,0,0.132113901,0.000805877,SK1_20_0.0,47,SK1_20_0.0,47,147,1.13426E-05,1259.677265
SK1,40,SK_40,10,Stœng Trêng,Sesan,no,0,0.132113901,0.000805877,SK_40_0.0,5,SK_40_0.0,5,323,2.49228E-05,2769.513306
M2,40,M2_40,10,Stœng Trêng,Sesan,no,0,0.145176841,0.00083039,M2_40_0.0,4,M2_40_0.0,4,3606,0.000278241,17393.82962
SS1,10,SS1_10,10,Stœng Trêng,Sesan,no,0,0.145176841,0.00083039,SS1_10_0.0,41,SS1_10_0.0,41,394,3.04012E-05,830.4783846
SS1,5,SS1_5,10,Stœng Trêng,Sesan,no,0,0.145176841,0.00083039,SS1_5_0.0,71,SS1_5_0.0,74,156,1.2037E-05,451.5382846
SS1,2,SS1_2,10,Stœng Trêng,Sesan,no,0,0.145176841,0.00083039,SS1_2_0.0,103,SS1_2_0.0,106,47,3.62654E-06,187.6416841
SS1,20,SS1_20,10,Stœng Trêng,Sesan,no,0,0.145176841,0.00083039,SS1_20_0.0,22,SS1_20_0.0,22,811,6.25772E-05,1489.766034
SK1,10,SK1_10,1,Stœng Trêng,Sesan,no,0,0.03689768,6.61326E-05,SK1_10_0.0,69,SK1_10_0.0,72,128,9.87654E-06,1095.147013
SK1,5,SK1_5,1,Stœng Trêng,Sesan,no,0,0.03689768,6.61326E-05,SK1_5_0.0,101,SK1_5_0.0,104,119,9.1821E-06,1026.056509
SK1,2,SK1_2,1,Stœng Trêng,Sesan,no,0,0.03689768,6.61326E-05,SK1_2_0.0,123,SK1_2_0.0,126,17,1.31173E-06,142.7888387
M2,40,M2_40,1,Stœng Trêng,Sesan,no,0,0.03689768,6.61326E-05,M2_40_0.0,4,M2_40_0.0,4,3606,0.000278241,17393.82962
SK1,20,SK1_20,1,Stœng Trêng,Sesan,no,0,0.03689768,6.61326E-05,SK1_20_0.0,47,SK1_20_0.0,47,147,1.13426E-05,1259.677265
SK1,40,SK_40,1,Stœng Trêng,Sesan,no,0,0.03689768,6.61326E-05,SK_40_0.0,5,SK_40_0.0,5,323,2.49228E-05,2769.513306
SK1,10,SK1_10,1,Stœng Trêng,Sesan,no,0,0.056651978,4.33183E-05,SK1_10_0.0,69,SK1_10_0.0,72,128,9.87654E-06,1095.147013
M2,40,M2_40,1,Stœng Trêng,Sesan,no,0,0.056651978,4.33183E-05,M2_40_0.0,4,M2_40_0.0,4,3606,0.000278241,17393.82962
SS1,10,SS1_10,1,Stœng Trêng,Sesan,no,0,0.056651978,4.33183E-05,SS1_10_0.0,41,SS1_10_0.0,41,394,3.04012E-05,830.4783846
SK1,20,SK1_20,1,Stœng Trêng,Sesan,no,0,0.056651978,4.33183E-05,SK1_20_0.0,47,SK1_20_0.0,47,147,1.13426E-05,1259.677265
SS1,20,SS1_20,1,Stœng Trêng,Sesan,no,0,0.056651978,4.33183E-05,SS1_20_0.0,22,SS1_20_0.0,22,811,6.25772E-05,1489.766034
SK1,40,SK_40,1,Stœng Trêng,Sesan,no,0,0.056651978,4.33183E-05,SK_40_0.0,5,SK_40_0.0,5,323,2.49228E-05,2769.513306
SK1,10,SK1_10,2,Stœng Trêng,Sesan,no,0,0.062223625,0.000197766,SK1_10_0.0,69,SK1_10_0.0,72,128,9.87654E-06,1095.147013
SK1,5,SK1_5,2,Stœng Trêng,Sesan,no,0,0.062223625,0.000197766,SK1_5_0.0,101,SK1_5_0.0,104,119,9.1821E-06,1026.056509
SK1,2,SK1_2,2,Stœng Trêng,Sesan,no,0,0.062223625,0.000197766,SK1_2_0.0,123,SK1_2_0.0,126,17,1.31173E-06,142.7888387
M2,40,M2_40,2,Stœng Trêng,Sesan,no,0,0.062223625,0.000197766,M2_40_0.0,4,M2_40_0.0,4,3606,0.000278241,17393.82962
M2,20,M2_20,2,Stœng Trêng,Sesan,no,0,0.062223625,0.000197766,M2_20_0.0,20,M2_20_0.0,20,2362,0.000182253,11253.15832
SK1,20,SK1_20,2,Stœng Trêng,Sesan,no,0,0.062223625,0.000197766,SK1_20_0.0,47,SK1_20_0.0,47,147,1.13426E-05,1259.677265
SK1,40,SK_40,2,Stœng Trêng,Sesan,no,0,0.062223625,0.000197766,SK_40_0.0,5,SK_40_0.0,5,323,2.49228E-05,2769.513306
SK1,10,SK1_10,3,Stœng Trêng,Sesan,no,0,0.09346895,0.000245989,SK1_10_0.0,69,SK1_10_0.0,72,128,9.87654E-06,1095.147013
SK1,5,SK1_5,3,Stœng Trêng,Sesan,no,0,0.09346895,0.000245989,SK1_5_0.0,101,SK1_5_0.0,104,119,9.1821E-06,1026.056509
M2,40,M2_40,3,Stœng Trêng,Sesan,no,0,0.09346895,0.000245989,M2_40_0.0,4,M2_40_0.0,4,3606,0.000278241,17393.82962
SS1,10,SS1_10,3,Stœng Trêng,Sesan,no,0,0.09346895,0.000245989,SS1_10_0.0,41,SS1_10_0.0,41,394,3.04012E-05,830.4783846
SS1,5,SS1_5,3,Stœng Trêng,Sesan,no,0,0.09346895,0.000245989,SS1_5_0.0,71,SS1_5_0.0,74,156,1.2037E-05,451.5382846
SK1,20,SK1_20,3,Stœng Trêng,Sesan,no,0,0.09346895,0.000245989,SK1_20_0.0,47,SK1_20_0.0,47,147,1.13426E-05,1259.677265
SS1,20,SS1_20,3,Stœng Trêng,Sesan,no,0,0.09346895,0.000245989,SS1_20_0.0,22,SS1_20_0.0,22,811,6.25772E-05,1489.766034
SK1,40,SK_40,3,Stœng Trêng,Sesan,no,0,0.09346895,0.000245989,SK_40_0.0,5,SK_40_0.0,5,323,2.49228E-05,2769.513306
SK1,10,SK1_10,1,Stœng Trêng,Sesan,no,0,0.047463658,0.000112183,SK1_10_0.0,69,SK1_10_0.0,72,128,9.87654E-06,1095.147013
SK1,5,SK1_5,1,Stœng Trêng,Sesan,no,0,0.047463658,0.000112183,SK1_5_0.0,101,SK1_5_0.0,104,119,9.1821E-06,1026.056509
SK1,2,SK1_2,1,Stœng Trêng,Sesan,no,0,0.047463658,0.000112183,SK1_2_0.0,123,SK1_2_0.0,126,17,1.31173E-06,142.7888387
M2,40,M2_40,1,Stœng Trêng,Sesan,no,0,0.047463658,0.000112183,M2_40_0.0,4,M2_40_0.0,4,3606,0.000278241,17393.82962
SS1,10,SS1_10,1,Stœng Trêng,Sesan,no,0,0.047463658,0.000112183,SS1_10_0.0,41,SS1_10_0.0,41,394,3.04012E-05,830.4783846
SS1,5,SS1_5,1,Stœng Trêng,Sesan,no,0,0.047463658,0.000112183,SS1_5_0.0,71,SS1_5_0.0,74,156,1.2037E-05,451.5382846
SK1,20,SK1_20,1,Stœng Trêng,Sesan,no,0,0.047463658,0.000112183,SK1_20_0.0,47,SK1_20_0.0,47,147,1.13426E-05,1259.677265
SS1,20,SS1_20,1,Stœng Trêng,Sesan,no,0,0.047463658,0.000112183,SS1_20_0.0,22,SS1_20_0.0,22,811,6.25772E-05,1489.766034
SK1,40,SK_40,1,Stœng Trêng,Sesan,no,0,0.047463658,0.000112183,SK_40_0.0,5,SK_40_0.0,5,323,2.49228E-05,2769.513306
SK1,10,SK1_10,1,Stœng Trêng,Sesan,no,0,0.042112154,6.73361E-05,SK1_10_0.0,69,SK1_10_0.0,72,128,9.87654E-06,1095.147013
SK1,5,SK1_5,1,Stœng Trêng,Sesan,no,0,0.042112154,6.73361E-05,SK1_5_0.0,101,SK1_5_0.0,104,119,9.1821E-06,1026.056509
M2,40,M2_40,1,Stœng Trêng,Sesan,no,0,0.042112154,6.73361E-05,M2_40_0.0,4,M2_40_0.0,4,3606,0.000278241,17393.82962
SS1,10,SS1_10,1,Stœng Trêng,Sesan,no,0,0.042112154,6.73361E-05,SS1_10_0.0,41,SS1_10_0.0,41,394,3.04012E-05,830.4783846
SS1,5,SS1_5,1,Stœng Trêng,Sesan,no,0,0.042112154,6.73361E-05,SS1_5_0.0,71,SS1_5_0.0,74,156,1.2037E-05,451.5382846
SS1,2,SS1_2,1,Stœng Trêng,Sesan,no,0,0.042112154,6.73361E-05,SS1_2_0.0,103,SS1_2_0.0,106,47,3.62654E-06,187.6416841
SK1,20,SK1_20,1,Stœng Trêng,Sesan,no,0,0.042112154,6.73361E-05,SK1_20_0.0,47,SK1_20_0.0,47,147,1.13426E-05,1259.677265
SS1,20,SS1_20,1,Stœng Trêng,Sesan,no,0,0.042112154,6.73361E-05,SS1_20_0.0,22,SS1_20_0.0,22,811,6.25772E-05,1489.766034
SK1,40,SK_40,1,Stœng Trêng,Sesan,no,0,0.042112154,6.73361E-05,SK_40_0.0,5,SK_40_0.0,5,323,2.49228E-05,2769.513306
SK1,10,SK1_10,5,Stœng Trêng,Sesan,no,0,0.087584494,0.000452692,SK1_10_0.0,69,SK1_10_0.0,72,128,9.87654E-06,1095.147013
SK1,5,SK1_5,5,Stœng Trêng,Sesan,no,0,0.087584494,0.000452692,SK1_5_0.0,101,SK1_5_0.0,104,119,9.1821E-06,1026.056509
SK1,2,SK1_2,5,Stœng Trêng,Sesan,no,0,0.087584494,0.000452692,SK1_2_0.0,123,SK1_2_0.0,126,17,1.31173E-06,142.7888387
M2,40,M2_40,5,Stœng Trêng,Sesan,no,0,0.087584494,0.000452692,M2_40_0.0,4,M2_40_0.0,4,3606,0.000278241,17393.82962
SS1,10,SS1_10,5,Stœng Trêng,Sesan,no,0,0.087584494,0.000452692,SS1_10_0.0,41,SS1_10_0.0,41,394,3.04012E-05,830.4783846
SS1,5,SS1_5,5,Stœng Trêng,Sesan,no,0,0.087584494,0.000452692,SS1_5_0.0,71,SS1_5_0.0,74,156,1.2037E-05,451.5382846
SS1,2,SS1_2,5,Stœng Trêng,Sesan,no,0,0.087584494,0.000452692,SS1_2_0.0,103,SS1_2_0.0,106,47,3.62654E-06,187.6416841
SK1,20,SK1_20,5,Stœng Trêng,Sesan,no,0,0.087584494,0.000452692,SK1_20_0.0,47,SK1_20_0.0,47,147,1.13426E-05,1259.677265
SS1,20,SS1_20,5,Stœng Trêng,Sesan,no,0,0.087584494,0.000452692,SS1_20_0.0,22,SS1_20_0.0,22,811,6.25772E-05,1489.766034
SK1,40,SK_40,5,Stœng Trêng,Sesan,no,0,0.087584494,0.000452692,SK_40_0.0,5,SK_40_0.0,5,323,2.49228E-05,2769.513306
M2,40,M2_40,1,Stœng Trêng,Siem Bouk, ,2.22,0.038749662,4.8555E-05,M2_40_2.22,42,M2_40_2.22,42,143,1.1034E-05,1206.912257
M2,20,M2_20,1,Stœng Trêng,Siem Bouk, ,2.22,0.038749662,4.8555E-05,M2_20_2.22,43,M2_20_2.22,43,143,1.1034E-05,1206.912257
M2,10,M2_10,1,Stœng Trêng,Siem Bouk, ,2.22,0.038749662,4.8555E-05,M2_10_2.22,44,M2_10_2.22,44,143,1.1034E-05,1206.912257
M2,40,M2_40,7,Stœng Trêng,Siem Bouk, ,2.22,0.124568445,0.000570734,M2_40_2.22,42,M2_40_2.22,42,143,1.1034E-05,1206.912257
M2,5,M2_5,7,Stœng Trêng,Siem Bouk, ,2.22,0.124568445,0.000570734,M2_5_2.22,72,M2_5_2.22,75,143,1.1034E-05,1206.912257
M2,20,M2_20,7,Stœng Trêng,Siem Bouk, ,2.22,0.124568445,0.000570734,M2_20_2.22,43,M2_20_2.22,43,143,1.1034E-05,1206.912257
M2,10,M2_10,7,Stœng Trêng,Siem Bouk, ,2.22,0.124568445,0.000570734,M2_10_2.22,44,M2_10_2.22,44,143,1.1034E-05,1206.912257
M2,40,M2_40,8,Stœng Trêng,Siem Bouk, ,2.22,0.108726256,0.000690213,M2_40_2.22,42,M2_40_2.22,42,143,1.1034E-05,1206.912257
M2,5,M2_5,8,Stœng Trêng,Siem Bouk, ,2.22,0.108726256,0.000690213,M2_5_2.22,72,M2_5_2.22,75,143,1.1034E-05,1206.912257
M2,20,M2_20,8,Stœng Trêng,Siem Bouk, ,2.22,0.108726256,0.000690213,M2_20_2.22,43,M2_20_2.22,43,143,1.1034E-05,1206.912257
M2,10,M2_10,8,Stœng Trêng,Siem Bouk, ,2.22,0.108726256,0.000690213,M2_10_2.22,44,M2_10_2.22,44,143,1.1034E-05,1206.912257
M2,2,M2_2,8,Stœng Trêng,Siem Bouk, ,2.22,0.108726256,0.000690213,M2_2_2.22,104,M2_2_2.22,107,44,3.39506E-06,417.4343198
SK1,40,SK_40,41,Stœng Trêng,Siem Pang, no,0,0.262338389,0.003402654,SK_40_0.0,5,SK_40_0.0,5,323,2.49228E-05,2769.513306
M2,40,M2_40,51,Stœng Trêng,Stueng Traeng,Yes,34,0.443971728,0.004260926,M2_40_21.44,3,M2_40_21.44,3,8290,0.00063966,28234.30822
SK1,40,SK_40,8,Stœng Trêng,Stueng Traeng,Yes,34,0.15300666,0.000639764,SK_40_21.44,6,SK_40_21.44,6,46,3.54938E-06,234.3660126
M2,40,M2_40,82,Stœng Trêng,Stueng Traeng,Yes,34,0.414283505,0.006806911,M2_40_21.44,3,M2_40_21.44,3,8290,0.00063966,28234.30822
M2,20,M2_20,82,Stœng Trêng,Stueng Traeng,Yes,34,0.414283505,0.006806911,M2_20_21.44,21,M2_20_21.44,21,8161,0.000629707,27528.53255
M2,40,M2_40,15,Stœng Trêng,Stueng Traeng,Yes,34,0.152841072,0.00127327,M2_40_21.44,3,M2_40_21.44,3,8290,0.00063966,28234.30822
M2,20,M2_20,15,Stœng Trêng,Stueng Traeng,Yes,34,0.152841072,0.00127327,M2_20_21.44,21,M2_20_21.44,21,8161,0.000629707,27528.53255
M2,10,M2_10,15,Stœng Trêng,Stueng Traeng,Yes,34,0.152841072,0.00127327,M2_10_21.44,45,M2_10_21.44,45,3577,0.000276003,9270.575153
M2,40,M2_40,21,Stœng Trêng,Stueng Traeng,Yes,34,0.234190464,0.001732431,M2_40_21.44,3,M2_40_21.44,3,8290,0.00063966,28234.30822
SK1,20,SK1_20,21,Stœng Trêng,Stueng Traeng,Yes,34,0.234190464,0.001732431,SK1_20_21.44,48,SK1_20_21.44,48,38,2.9321E-06,193.6067061
SK1,40,SK_40,21,Stœng Trêng,Stueng Traeng,Yes,34,0.234190464,0.001732431,SK_40_21.44,6,SK_40_21.44,6,46,3.54938E-06,234.3660126
SK1,10,SK1_10,10,Stœng Trêng,Stueng Traeng,Yes,34,0.124648155,0.000843955,SK1_10_21.44,70,SK1_10_21.44,73,38,2.9321E-06,193.6067061
M2,40,M2_40,10,Stœng Trêng,Stueng Traeng,Yes,34,0.124648155,0.000843955,M2_40_21.44,3,M2_40_21.44,3,8290,0.00063966,28234.30822
SK1,20,SK1_20,10,Stœng Trêng,Stueng Traeng,Yes,34,0.124648155,0.000843955,SK1_20_21.44,48,SK1_20_21.44,48,38,2.9321E-06,193.6067061
SK1,40,SK_40,10,Stœng Trêng,Stueng Traeng,Yes,34,0.124648155,0.000843955,SK_40_21.44,6,SK_40_21.44,6,46,3.54938E-06,234.3660126
M2,40,M2_40,11,Stœng Trêng,Stueng Traeng,Yes,34,0.122276569,0.000883572,M2_40_21.44,3,M2_40_21.44,3,8290,0.00063966,28234.30822
M2,5,M2_5,11,Stœng Trêng,Stueng Traeng,Yes,34,0.122276569,0.000883572,M2_5_21.44,73,M2_5_21.44,76,408,3.14815E-05,773.7334144
M2,20,M2_20,11,Stœng Trêng,Stueng Traeng,Yes,34,0.122276569,0.000883572,M2_20_21.44,21,M2_20_21.44,21,8161,0.000629707,27528.53255
M2,10,M2_10,11,Stœng Trêng,Stueng Traeng,Yes,34,0.122276569,0.000883572,M2_10_21.44,45,M2_10_21.44,45,3577,0.000276003,9270.575153
SK1,10,SK1_10,10,Stœng Trêng,Stueng Traeng,Yes,34,0.115728184,0.00079801,SK1_10_21.44,70,SK1_10_21.44,73,38,2.9321E-06,193.6067061
SK1,5,SK1_5,10,Stœng Trêng,Stueng Traeng,Yes,34,0.115728184,0.00079801,SK1_5_21.44,102,SK1_5_21.44,105,34,2.62346E-06,173.2270528
M2,40,M2_40,10,Stœng Trêng,Stueng Traeng,Yes,34,0.115728184,0.00079801,M2_40_21.44,3,M2_40_21.44,3,8290,0.00063966,28234.30822
SK1,20,SK1_20,10,Stœng Trêng,Stueng Traeng,Yes,34,0.115728184,0.00079801,SK1_20_21.44,48,SK1_20_21.44,48,38,2.9321E-06,193.6067061
SK1,40,SK_40,10,Stœng Trêng,Stueng Traeng,Yes,34,0.115728184,0.00079801,SK_40_21.44,6,SK_40_21.44,6,46,3.54938E-06,234.3660126
M2,40,M2_40,8,Stœng Trêng,Stueng Traeng,Yes,34,0.110896593,0.000658904,M2_40_21.44,3,M2_40_21.44,3,8290,0.00063966,28234.30822
M2,5,M2_5,8,Stœng Trêng,Stueng Traeng,Yes,34,0.110896593,0.000658904,M2_5_21.44,73,M2_5_21.44,76,408,3.14815E-05,773.7334144
M2,20,M2_20,8,Stœng Trêng,Stueng Traeng,Yes,34,0.110896593,0.000658904,M2_20_21.44,21,M2_20_21.44,21,8161,0.000629707,27528.53255
M2,10,M2_10,8,Stœng Trêng,Stueng Traeng,Yes,34,0.110896593,0.000658904,M2_10_21.44,45,M2_10_21.44,45,3577,0.000276003,9270.575153
M2,2,M2_2,8,Stœng Trêng,Stueng Traeng,Yes,34,0.110896593,0.000658904,M2_2_21.44,105,M2_2_21.44,108,110,8.48765E-06,208.604597
SK1,10,SK1_10,3,Stœng Trêng,Stueng Traeng,Yes,34,0.074081859,0.000213205,SK1_10_21.44,70,SK1_10_21.44,73,38,2.9321E-06,193.6067061
SK1,5,SK1_5,3,Stœng Trêng,Stueng Traeng,Yes,34,0.074081859,0.000213205,SK1_5_21.44,102,SK1_5_21.44,105,34,2.62346E-06,173.2270528
SK1,2,SK1_2,3,Stœng Trêng,Stueng Traeng,Yes,34,0.074081859,0.000213205,SK1_2_21.44,124,SK1_2_21.44,127,11,8.48765E-07,56.0440465
M2,40,M2_40,3,Stœng Trêng,Stueng Traeng,Yes,34,0.074081859,0.000213205,M2_40_21.44,3,M2_40_21.44,3,8290,0.00063966,28234.30822
SK1,20,SK1_20,3,Stœng Trêng,Stueng Traeng,Yes,34,0.074081859,0.000213205,SK1_20_21.44,48,SK1_20_21.44,48,38,2.9321E-06,193.6067061
SK1,40,SK_40,3,Stœng Trêng,Stueng Traeng,Yes,34,0.074081859,0.000213205,SK_40_21.44,6,SK_40_21.44,6,46,3.54938E-06,234.3660126
SK1,10,SK1_10,4,Stœng Trêng,Stueng Traeng,Yes,34,0.084683622,0.000362429,SK1_10_21.44,70,SK1_10_21.44,73,38,2.9321E-06,193.6067061
SK1,5,SK1_5,4,Stœng Trêng,Stueng Traeng,Yes,34,0.084683622,0.000362429,SK1_5_21.44,102,SK1_5_21.44,105,34,2.62346E-06,173.2270528
SK1,2,SK1_2,4,Stœng Trêng,Stueng Traeng,Yes,34,0.084683622,0.000362429,SK1_2_21.44,124,SK1_2_21.44,127,11,8.48765E-07,56.0440465
M2,40,M2_40,4,Stœng Trêng,Stueng Traeng,Yes,34,0.084683622,0.000362429,M2_40_21.44,3,M2_40_21.44,3,8290,0.00063966,28234.30822
M2,20,M2_20,4,Stœng Trêng,Stueng Traeng,Yes,34,0.084683622,0.000362429,M2_20_21.44,21,M2_20_21.44,21,8161,0.000629707,27528.53255
SK1,20,SK1_20,4,Stœng Trêng,Stueng Traeng,Yes,34,0.084683622,0.000362429,SK1_20_21.44,48,SK1_20_21.44,48,38,2.9321E-06,193.6067061
SK1,40,SK_40,4,Stœng Trêng,Stueng Traeng,Yes,34,0.084683622,0.000362429,SK_40_21.44,6,SK_40_21.44,6,46,3.54938E-06,234.3660126
M2,40,M2_40,112,Stœng Trêng,Thala Barivat,no,0,0.473290873,0.00935258,M2_40_0.0,4,M2_40_0.0,4,3606,0.000278241,17393.82962
M2,40,M2_40,39,Stœng Trêng,Thala Barivat,no,0,0.262483082,0.003228995,M2_40_0.0,4,M2_40_0.0,4,3606,0.000278241,17393.82962
M2,20,M2_20,39,Stœng Trêng,Thala Barivat,no,0,0.262483082,0.003228995,M2_20_0.0,20,M2_20_0.0,20,2362,0.000182253,11253.15832
M2,40,M2_40,30,Stœng Trêng,Thala Barivat,no,0,0.210596243,0.002472516,M2_40_0.0,4,M2_40_0.0,4,3606,0.000278241,17393.82962
M2,20,M2_20,30,Stœng Trêng,Thala Barivat,no,0,0.210596243,0.002472516,M2_20_0.0,20,M2_20_0.0,20,2362,0.000182253,11253.15832
M2,10,M2_10,30,Stœng Trêng,Thala Barivat,no,0,0.210596243,0.002472516,M2_10_0.0,46,M2_10_0.0,46,574,4.42901E-05,3083.192281
M1,20,M1_20,6,Stœng Trêng,Thala Barivat,no,0,0.117149036,0.000534247,M1_20_0.0,2,M1_20_0.0,2,3713,0.000286497,29248.97673
M1,10,M1_10,6,Stœng Trêng,Thala Barivat,no,0,0.117149036,0.000534247,M1_10_0.0,19,M1_10_0.0,19,898,6.92901E-05,6390.311054
M1,5,M1_5,6,Stœng Trêng,Thala Barivat,no,0,0.117149036,0.000534247,M1_5_0.0,40,M1_5_0.0,40,458,3.53395E-05,2451.500838
M1,40,M1_40,6,Stœng Trêng,Thala Barivat,no,0,0.117149036,0.000534247,M1_40_0.0,1,M1_40_0.0,1,12393,0.00095625,70240.18864
M2,40,M2_40,6,Stœng Trêng,Thala Barivat,no,0,0.107666019,0.000521941,M2_40_0.0,4,M2_40_0.0,4,3606,0.000278241,17393.82962
M2,5,M2_5,6,Stœng Trêng,Thala Barivat,no,0,0.107666019,0.000521941,M2_5_0.0,74,M2_5_0.0,77,96,7.40741E-06,522.2271089
M2,20,M2_20,6,Stœng Trêng,Thala Barivat,no,0,0.107666019,0.000521941,M2_20_0.0,20,M2_20_0.0,20,2362,0.000182253,11253.15832
M2,10,M2_10,6,Stœng Trêng,Thala Barivat,no,0,0.107666019,0.000521941,M2_10_0.0,46,M2_10_0.0,46,574,4.42901E-05,3083.192281
M1,20,M1_20,6,Stœng Trêng,Thala Barivat,no,0,0.100980058,0.000535367,M1_20_0.0,2,M1_20_0.0,2,3713,0.000286497,29248.97673
M1,10,M1_10,6,Stœng Trêng,Thala Barivat,no,0,0.100980058,0.000535367,M1_10_0.0,19,M1_10_0.0,19,898,6.92901E-05,6390.311054
M1,2,M1_2,6,Stœng Trêng,Thala Barivat,no,0,0.100980058,0.000535367,M1_2_0.0,68,M1_2_0.0,71,209,1.61265E-05,741.8423154
M1,5,M1_5,6,Stœng Trêng,Thala Barivat,no,0,0.100980058,0.000535367,M1_5_0.0,40,M1_5_0.0,40,458,3.53395E-05,2451.500838
M1,40,M1_40,6,Stœng Trêng,Thala Barivat,no,0,0.100980058,0.000535367,M1_40_0.0,1,M1_40_0.0,1,12393,0.00095625,70240.18864
M6,20,M6_20,18,Tbong Khmum,Kampong Siem,,0,0.187199104,0.001526053,M6_20_0.0,29,M6_20_0.0,29,8811,0.000679861,69757.80344
M6,40,M6_40,18,Tbong Khmum,Kampong Siem,,0,0.187199104,0.001526053,M6_40_0.0,9,M6_40_0.0,9,14529,0.001121065,112092.1765
M6,20,M6_20,10,Tbong Khmum,Kampong Siem,,0,0.13829371,0.000794273,M6_20_0.0,29,M6_20_0.0,29,8811,0.000679861,69757.80344
M6,10,M6_10,10,Tbong Khmum,Kampong Siem,,0,0.13829371,0.000794273,M6_10_0.0,52,M6_10_0.0,52,6575,0.00050733,54540.64058
M6,40,M6_40,10,Tbong Khmum,Kampong Siem,,0,0.13829371,0.000794273,M6_40_0.0,9,M6_40_0.0,9,14529,0.001121065,112092.1765
M6,40,M6_40,83,Tbong Khmum,Krouch Chhmar,no,0,0.484832453,0.006912174,M6_40_0.0,9,M6_40_0.0,9,14529,0.001121065,112092.1765
M6,20,M6_20,15,Tbong Khmum,Krouch Chhmar,no,0,0.143364404,0.001260064,M6_20_0.0,29,M6_20_0.0,29,8811,0.000679861,69757.80344
M6,40,M6_40,15,Tbong Khmum,Krouch Chhmar,no,0,0.143364404,0.001260064,M6_40_0.0,9,M6_40_0.0,9,14529,0.001121065,112092.1765
M6,20,M6_20,8,Tbong Khmum,Tboung Khmum, ,51,0.154434665,0.000668184,M6_20_0.04,30,M6_20_0.04,30,1334,0.000102932,9242.640139
M6,40,M6_40,8,Tbong Khmum,Tboung Khmum, ,51,0.154434665,0.000668184,M6_40_0.04,31,M6_40_0.04,31,1334,0.000102932,9242.640139
M6,20,M6_20,9,Tbong Khmum,Tboung Khmum, ,51,0.123297822,0.000744729,M6_20_0.04,30,M6_20_0.04,30,1334,0.000102932,9242.640139
M6,10,M6_10,9,Tbong Khmum,Tboung Khmum, ,51,0.123297822,0.000744729,M6_10_0.04,53,M6_10_0.04,53,986,7.60802E-05,6062.009456
M6,40,M6_40,9,Tbong Khmum,Tboung Khmum, ,51,0.123297822,0.000744729,M6_40_0.04,31,M6_40_0.04,31,1334,0.000102932,9242.640139
M6,20,M6_20,9,Tbong Khmum,Tboung Khmum, ,51,0.124787186,0.000721278,M6_20_0.04,30,M6_20_0.04,30,1334,0.000102932,9242.640139
M6,10,M6_10,9,Tbong Khmum,Tboung Khmum, ,51,0.124787186,0.000721278,M6_10_0.04,53,M6_10_0.04,53,986,7.60802E-05,6062.009456
M6,5,M6_5,9,Tbong Khmum,Tboung Khmum, ,51,0.124787186,0.000721278,M6_5_0.04,86,M6_5_0.04,89,607,4.68364E-05,4022.766825
M6,40,M6_40,9,Tbong Khmum,Tboung Khmum, ,51,0.124787186,0.000721278,M6_40_0.04,31,M6_40_0.04,31,1334,0.000102932,9242.640139
M6,20,M6_20,7,Tbong Khmum,Tboung Khmum, ,51,0.105112342,0.000583059,M6_20_0.04,30,M6_20_0.04,30,1334,0.000102932,9242.640139
M6,10,M6_10,7,Tbong Khmum,Tboung Khmum, ,51,0.105112342,0.000583059,M6_10_0.04,53,M6_10_0.04,53,986,7.60802E-05,6062.009456
M6,5,M6_5,7,Tbong Khmum,Tboung Khmum, ,51,0.105112342,0.000583059,M6_5_0.04,86,M6_5_0.04,89,607,4.68364E-05,4022.766825
M6,2,M6_2,7,Tbong Khmum,Tboung Khmum, ,51,0.105112342,0.000583059,M6_2_0.04,113,M6_2_0.04,116,319,2.46142E-05,2354.935329
M6,40,M6_40,7,Tbong Khmum,Tboung Khmum, ,51,0.105112342,0.000583059,M6_40_0.04,31,M6_40_0.04,31,1334,0.000102932,9242.640139
M1,40,M1_40,344,,,,0,0.735482431,0.028810372,M1_40_0.0,1,M1_40_0.0,1,12393,0.00095625,70240.18864
M1,20,M1_20,111,,,,0,0.38790592,0.009261631,M1_20_0.0,2,M1_20_0.0,2,3713,0.000286497,29248.97673
M1,40,M1_40,111,,,,0,0.38790592,0.009261631,M1_40_0.0,1,M1_40_0.0,1,12393,0.00095625,70240.18864
M1,20,M1_20,31,,,,0,0.232634933,0.002555043,M1_20_0.0,2,M1_20_0.0,2,3713,0.000286497,29248.97673
M1,10,M1_10,31,,,,0,0.232634933,0.002555043,M1_10_0.0,19,M1_10_0.0,19,898,6.92901E-05,6390.311054
M1,40,M1_40,31,,,,0,0.232634933,0.002555043,M1_40_0.0,1,M1_40_0.0,1,12393,0.00095625,70240.18864
M1,20,M1_20,19,,,,0,0.17622709,0.0015541,M1_20_0.0,2,M1_20_0.0,2,3713,0.000286497,29248.97673
M1,10,M1_10,19,,,,0,0.17622709,0.0015541,M1_10_0.0,19,M1_10_0.0,19,898,6.92901E-05,6390.311054
M1,5,M1_5,19,,,,0,0.17622709,0.0015541,M1_5_0.0,40,M1_5_0.0,40,458,3.53395E-05,2451.500838
M1,40,M1_40,19,,,,0,0.17622709,0.0015541,M1_40_0.0,1,M1_40_0.0,1,12393,0.00095625,70240.18864
M1,20,M1_20,11,,,,0,0.139436386,0.000884846,M1_20_0.0,2,M1_20_0.0,2,3713,0.000286497,29248.97673
M1,10,M1_10,11,,,,0,0.139436386,0.000884846,M1_10_0.0,19,M1_10_0.0,19,898,6.92901E-05,6390.311054
M1,2,M1_2,11,,,,0,0.139436386,0.000884846,M1_2_0.0,68,M1_2_0.0,71,209,1.61265E-05,741.8423154
M1,5,M1_5,11,,,,0,0.139436386,0.000884846,M1_5_0.0,40,M1_5_0.0,40,458,3.53395E-05,2451.500838
M1,40,M1_40,11,,,,0,0.139436386,0.000884846,M1_40_0.0,1,M1_40_0.0,1,12393,0.00095625,70240.18864
